{
  "summary_row": {
    "path": "!previous_results\\categorical_2rule_lr_wd_test\\add_or_mul_p97_wd0.1_lr0.001_d128_l2_tf0.5_cat_c_rc2_ep3000.json",
    "operation": "add_or_mul",
    "p": 97,
    "rule_count": 2,
    "num_classes": 194,
    "branch_metric": "b_parity",
    "branch_label_1": "odd",
    "branch_label_2": "even",
    "last_log_epoch": 3000,
    "train_acc_last": 0.8728741407394409,
    "val_acc_last": 0.2552603483200073,
    "train_acc_mean_logs": 0.8634637092550596,
    "val_acc_mean_logs": 0.25079701946427424,
    "train_branch1_last": 0.8699873685836792,
    "train_branch2_last": 0.8758029937744141,
    "val_branch1_last": 0.25317010283470154,
    "val_branch2_last": 0.25723740458488464,
    "rule0_macro_train_last": 0.8702122680412371,
    "rule0_macro_val_last": 0.26004546391752575,
    "rule0_micro_train_last": 0.8699875897002952,
    "rule0_micro_val_last": 0.2531699956274595,
    "rule1_macro_train_last": 0.8728923711340206,
    "rule1_macro_val_last": 0.2517196907216495,
    "rule1_micro_train_last": 0.875802745182013,
    "rule1_micro_val_last": 0.25723793631100084,
    "macro_mean_over_rules_train": 0.8715523195876289,
    "macro_mean_over_rules_val": 0.25588257731958763,
    "micro_mean_over_rules_train": 0.872895167441154,
    "micro_mean_over_rules_val": 0.2552039659692302
  },
  "per_class": {
    "path": "!previous_results\\categorical_2rule_lr_wd_test\\add_or_mul_p97_wd0.1_lr0.001_d128_l2_tf0.5_cat_c_rc2_ep3000.json",
    "operation": "add_or_mul",
    "p": 97,
    "rule_count": 2,
    "last_log_epoch": 3000,
    "per_class_train_last": [
      0.73913,
      1.0,
      0.73077,
      0.95652,
      0.73913,
      0.95652,
      0.90323,
      0.95,
      0.8125,
      0.96429,
      0.96154,
      0.92308,
      0.73913,
      0.94444,
      0.84211,
      0.96552,
      0.95652,
      1.0,
      0.95,
      0.7619,
      0.58621,
      0.95238,
      0.72727,
      0.73077,
      0.67857,
      1.0,
      0.90476,
      0.84,
      1.0,
      0.96552,
      0.82609,
      0.86957,
      0.81818,
      0.95652,
      0.83333,
      0.96,
      0.95,
      0.81818,
      0.90476,
      0.77273,
      0.88,
      0.90323,
      0.91304,
      0.84211,
      0.94737,
      0.68,
      1.0,
      0.88,
      0.81818,
      0.9,
      0.78947,
      0.74194,
      0.90909,
      0.7931,
      0.82143,
      0.82609,
      0.8,
      0.85714,
      0.78125,
      0.85185,
      0.95,
      0.84211,
      0.92593,
      0.73684,
      1.0,
      0.85714,
      1.0,
      0.76,
      0.91667,
      0.80769,
      0.95,
      0.9,
      0.94118,
      0.59259,
      0.90909,
      0.80769,
      1.0,
      0.86957,
      0.91667,
      0.75862,
      1.0,
      0.69565,
      0.96154,
      0.68182,
      0.94737,
      0.81818,
      0.96,
      0.88889,
      1.0,
      0.88462,
      0.92593,
      0.96296,
      1.0,
      0.61538,
      1.0,
      0.8,
      1.0,
      0.97183,
      0.88889,
      0.66667,
      1.0,
      0.76923,
      0.80952,
      0.77273,
      0.94444,
      0.92,
      0.86957,
      0.88889,
      0.88,
      0.78261,
      0.81481,
      0.93333,
      0.86364,
      0.95652,
      0.93333,
      0.95833,
      0.91667,
      0.91304,
      1.0,
      0.72727,
      0.82609,
      0.88889,
      0.80952,
      0.80952,
      0.72222,
      1.0,
      0.92308,
      0.96154,
      0.95,
      0.91667,
      0.91304,
      0.92,
      0.6,
      0.92857,
      0.8,
      0.88,
      1.0,
      0.96552,
      0.9,
      1.0,
      0.85,
      1.0,
      0.69231,
      0.83333,
      0.95238,
      0.80769,
      0.9,
      0.83871,
      0.9,
      0.73333,
      0.92857,
      0.95455,
      0.78571,
      0.68182,
      0.80952,
      0.66667,
      0.94444,
      0.93103,
      0.83333,
      0.88889,
      0.77778,
      0.71429,
      1.0,
      0.875,
      1.0,
      0.875,
      0.77273,
      0.96429,
      0.81481,
      0.77778,
      0.77778,
      0.82609,
      0.91667,
      0.81481,
      0.89286,
      0.96154,
      0.95,
      0.75,
      0.91304,
      0.91304,
      0.96296,
      0.86364,
      1.0,
      0.95,
      0.96296,
      0.78947,
      0.71429,
      0.86207,
      0.9,
      0.85,
      0.9375,
      0.80952,
      1.0,
      0.95238
    ],
    "per_class_val_last": [
      0.0,
      0.5,
      0.0,
      0.72,
      0.04,
      0.32,
      0.05882,
      0.28571,
      0.125,
      0.45,
      0.04545,
      0.54545,
      0.12,
      0.26667,
      0.06897,
      0.68421,
      0.04,
      0.47059,
      0.07143,
      0.37037,
      0.10526,
      0.44444,
      0.07692,
      0.31818,
      0.05,
      0.41667,
      0.14815,
      0.52174,
      0.125,
      0.42105,
      0.08,
      0.32,
      0.19231,
      0.36,
      0.08333,
      0.30435,
      0.14286,
      0.26923,
      0.22222,
      0.30769,
      0.30435,
      0.52941,
      0.32,
      0.13793,
      0.2069,
      0.21739,
      0.3125,
      0.21739,
      0.23077,
      0.32143,
      0.2069,
      0.29412,
      0.26923,
      0.10526,
      0.45,
      0.12,
      0.26087,
      0.3,
      0.5,
      0.19048,
      0.25,
      0.13793,
      0.28571,
      0.2069,
      0.4375,
      0.11111,
      0.31034,
      0.17391,
      0.41667,
      0.18182,
      0.32143,
      0.10714,
      0.35484,
      0.14286,
      0.34615,
      0.09091,
      0.64286,
      0.12,
      0.5,
      0.10526,
      0.36364,
      0.08,
      0.45455,
      0.0,
      0.24138,
      0.07692,
      0.52174,
      0.04762,
      0.45455,
      0.04545,
      0.38095,
      0.0,
      0.59091,
      0.0,
      0.63636,
      0.0,
      0.5,
      0.7973,
      0.13333,
      0.16667,
      0.30769,
      0.09091,
      0.11111,
      0.11538,
      0.23333,
      0.26087,
      0.2,
      0.14286,
      0.26087,
      0.32,
      0.2381,
      0.38889,
      0.26923,
      0.12,
      0.22222,
      0.25,
      0.20833,
      0.24,
      0.15385,
      0.23077,
      0.32,
      0.20513,
      0.14815,
      0.22222,
      0.26667,
      0.21429,
      0.22727,
      0.27273,
      0.14286,
      0.25,
      0.2,
      0.21739,
      0.22222,
      0.05882,
      0.15152,
      0.21739,
      0.30769,
      0.26316,
      0.35714,
      0.29412,
      0.21429,
      0.23077,
      0.36364,
      0.29167,
      0.14815,
      0.18182,
      0.39286,
      0.23529,
      0.38889,
      0.38889,
      0.45,
      0.11538,
      0.3,
      0.19231,
      0.33333,
      0.16667,
      0.2,
      0.26316,
      0.26667,
      0.2381,
      0.42857,
      0.25926,
      0.17647,
      0.25,
      0.3913,
      0.25,
      0.38462,
      0.4,
      0.33333,
      0.28571,
      0.19048,
      0.16,
      0.29167,
      0.2381,
      0.3,
      0.18182,
      0.32143,
      0.25,
      0.28,
      0.16,
      0.2381,
      0.19231,
      0.23077,
      0.21429,
      0.33333,
      0.17241,
      0.14815,
      0.26316,
      0.39286,
      0.17857,
      0.15625,
      0.25926,
      0.5,
      0.22222
    ],