{
  "summary_row": {
    "path": "!previous_results\\categorical_2rule_lr_wd_test\\add_or_mul_p97_wd2.0_lr0.001_d128_l2_tf0.5_cat_c_rc2_ep3000.json",
    "operation": "add_or_mul",
    "p": 97,
    "rule_count": 2,
    "num_classes": 194,
    "branch_metric": "b_parity",
    "branch_label_1": "odd",
    "branch_label_2": "even",
    "last_log_epoch": 3000,
    "train_acc_last": 0.8728741407394409,
    "val_acc_last": 0.3302869200706482,
    "train_acc_mean_logs": 0.8496881971756617,
    "val_acc_mean_logs": 0.25418703000371656,
    "train_branch1_last": 0.875052809715271,
    "train_branch2_last": 0.8706637620925903,
    "val_branch1_last": 0.38696983456611633,
    "val_branch2_last": 0.27667495608329773,
    "rule0_macro_train_last": 0.8760359793814433,
    "rule0_macro_val_last": 0.3934620618556701,
    "rule0_micro_train_last": 0.8750530688054031,
    "rule0_micro_val_last": 0.38697049846961085,
    "rule1_macro_train_last": 0.8675019587628866,
    "rule1_macro_val_last": 0.2724713402061856,
    "rule1_micro_train_last": 0.8706633661670234,
    "rule1_micro_val_last": 0.2766751778329199,
    "macro_mean_over_rules_train": 0.871768969072165,
    "macro_mean_over_rules_val": 0.33296670103092785,
    "micro_mean_over_rules_train": 0.8728582174862133,
    "micro_mean_over_rules_val": 0.33182283815126534
  },
  "per_class": {
    "path": "!previous_results\\categorical_2rule_lr_wd_test\\add_or_mul_p97_wd2.0_lr0.001_d128_l2_tf0.5_cat_c_rc2_ep3000.json",
    "operation": "add_or_mul",
    "p": 97,
    "rule_count": 2,
    "last_log_epoch": 3000,
    "per_class_train_last": [
      0.73913,
      1.0,
      0.53846,
      0.95652,
      0.78261,
      1.0,
      0.67742,
      0.95,
      0.75,
      0.96429,
      0.84615,
      0.92308,
      0.65217,
      0.88889,
      0.84211,
      0.96552,
      0.91304,
      0.93548,
      0.85,
      0.90476,
      0.58621,
      0.95238,
      0.90909,
      0.76923,
      0.92857,
      1.0,
      1.0,
      0.8,
      0.91667,
      0.96552,
      0.86957,
      0.86957,
      0.72727,
      0.82609,
      0.875,
      0.92,
      0.8,
      0.81818,
      0.85714,
      0.95455,
      0.88,
      0.93548,
      0.91304,
      0.84211,
      0.89474,
      0.76,
      0.75,
      0.92,
      0.81818,
      0.75,
      0.89474,
      0.80645,
      1.0,
      0.7931,
      0.96429,
      0.95652,
      0.76,
      0.92857,
      0.90625,
      0.92593,
      0.85,
      0.89474,
      0.85185,
      0.94737,
      0.9375,
      0.80952,
      0.94737,
      0.88,
      1.0,
      0.80769,
      0.9,
      0.8,
      0.94118,
      0.81481,
      0.86364,
      0.80769,
      0.97059,
      0.82609,
      0.91667,
      0.89655,
      1.0,
      0.95652,
      0.92308,
      0.86364,
      0.94737,
      0.86364,
      0.96,
      0.74074,
      1.0,
      0.88462,
      0.92593,
      0.85185,
      1.0,
      0.73077,
      1.0,
      0.84,
      1.0,
      1.0,
      0.66667,
      0.79167,
      0.86364,
      0.84615,
      0.85714,
      0.81818,
      1.0,
      0.96,
      0.82609,
      0.81481,
      0.96,
      1.0,
      0.7037,
      0.8,
      0.90909,
      0.73913,
      0.86667,
      0.875,
      1.0,
      0.78261,
      0.90909,
      0.77273,
      0.78261,
      0.88889,
      0.95238,
      0.95238,
      0.83333,
      0.8,
      0.84615,
      1.0,
      0.95,
      0.91667,
      0.95652,
      0.88,
      0.86667,
      0.85714,
      0.86667,
      0.92,
      0.90909,
      0.86207,
      0.85,
      0.96774,
      0.85,
      0.95455,
      0.84615,
      0.79167,
      0.80952,
      0.69231,
      0.9,
      0.74194,
      0.9,
      0.8,
      0.96429,
      0.90909,
      1.0,
      0.81818,
      0.85714,
      0.77778,
      0.61111,
      0.86207,
      0.83333,
      0.88889,
      0.85185,
      0.7619,
      0.80645,
      0.875,
      1.0,
      0.95833,
      0.90909,
      0.89286,
      0.85185,
      0.85185,
      0.77778,
      0.91304,
      0.95833,
      0.7037,
      0.85714,
      0.84615,
      0.9,
      0.75,
      0.95652,
      0.65217,
      0.96296,
      0.81818,
      0.95455,
      0.95,
      0.85185,
      0.78947,
      0.85714,
      0.89655,
      1.0,
      0.85,
      1.0,
      0.90476,
      1.0,
      0.80952
    ],
    "per_class_val_last": [
      0.12,
      0.8,
      0.0,
      0.88,
      0.04,
      0.72,
      0.05882,
      0.57143,
      0.1875,
      0.75,
      0.18182,
      0.81818,
      0.12,
      0.7,
      0.06897,
      0.89474,
      0.12,
      0.76471,
      0.07143,
      0.59259,
      0.10526,
      0.66667,
      0.07692,
      0.5,
      0.05,
      0.5,
      0.18519,
      0.6087,
      0.25,
      0.47368,
      0.08,
      0.56,
      0.26923,
      0.52,
      0.41667,
      0.47826,
      0.21429,
      0.38462,
      0.40741,
      0.46154,
      0.3913,
      0.64706,
      0.36,
      0.2069,
      0.27586,
      0.30435,
      0.5625,
      0.30435,
      0.23077,
      0.46429,
      0.37931,
      0.29412,
      0.5,
      0.26316,
      0.65,
      0.2,
      0.26087,
      0.45,
      0.75,
      0.2381,
      0.46429,
      0.2069,
      0.47619,
      0.2069,
      0.5,
      0.11111,
      0.44828,
      0.26087,
      0.66667,
      0.18182,
      0.64286,
      0.10714,
      0.67742,
      0.2381,
      0.53846,
      0.09091,
      0.64286,
      0.12,
      0.58333,
      0.15789,
      0.72727,
      0.12,
      0.63636,
      0.0,
      0.44828,
      0.07692,
      0.78261,
      0.04762,
      0.90909,
      0.04545,
      0.85714,
      0.0,
      0.95455,
      0.0,
      1.0,
      0.08696,
      0.75,
      0.7973,
      0.13333,
      0.33333,
      0.26923,
      0.09091,
      0.11111,
      0.11538,
      0.23333,
      0.26087,
      0.2,
      0.14286,
      0.30435,
      0.4,
      0.2381,
      0.38889,
      0.30769,
      0.12,
      0.33333,
      0.25,
      0.20833,
      0.24,
      0.15385,
      0.23077,
      0.32,
      0.20513,
      0.14815,
      0.22222,
      0.26667,
      0.21429,
      0.22727,
      0.27273,
      0.28571,
      0.33333,
      0.2,
      0.21739,
      0.27778,
      0.05882,
      0.15152,
      0.21739,
      0.30769,
      0.26316,
      0.35714,
      0.29412,
      0.21429,
      0.23077,
      0.36364,
      0.29167,
      0.14815,
      0.18182,
      0.39286,
      0.23529,
      0.38889,
      0.38889,
      0.45,
      0.11538,
      0.4,
      0.19231,
      0.33333,
      0.16667,
      0.2,
      0.26316,
      0.33333,
      0.33333,
      0.42857,
      0.25926,
      0.17647,
      0.25,
      0.3913,
      0.25,
      0.38462,
      0.4,
      0.33333,
      0.28571,
      0.19048,
      0.16,
      0.54167,
      0.2381,
      0.5,
      0.18182,
      0.46429,
      0.25,
      0.28,
      0.16,
      0.2381,
      0.19231,
      0.34615,
      0.28571,
      0.33333,
      0.17241,
      0.14815,
      0.26316,
      0.46429,
      0.17857,
      0.15625,
      0.25926,
      0.64286,
      0.2963
    ],