{
  "summary_row": {
    "path": "!previous_results\\categorical_2rule_lr_wd_test\\add_or_mul_p97_wd0.1_lr1.0_d128_l2_tf0.5_cat_c_rc2_ep3000.json",
    "operation": "add_or_mul",
    "p": 97,
    "rule_count": 2,
    "num_classes": 194,
    "branch_metric": "b_parity",
    "branch_label_1": "odd",
    "branch_label_2": "even",
    "last_log_epoch": 3000,
    "train_acc_last": 0.00446428544819355,
    "val_acc_last": 0.00573857594281435,
    "train_acc_mean_logs": 0.005119756182345251,
    "val_acc_mean_logs": 0.005083244662576665,
    "train_branch1_last": 0.0,
    "train_branch2_last": 0.008993575349450111,
    "val_branch1_last": 0.0,
    "val_branch2_last": 0.011166253127157688,
    "rule0_macro_train_last": 0.0,
    "rule0_macro_val_last": 0.0,
    "rule0_micro_train_last": 0.0,
    "rule0_micro_val_last": 0.0,
    "rule1_macro_train_last": 0.010309278350515464,
    "rule1_macro_val_last": 0.010309278350515464,
    "rule1_micro_train_last": 0.008993576017130621,
    "rule1_micro_val_last": 0.011166253101736972,
    "macro_mean_over_rules_train": 0.005154639175257732,
    "macro_mean_over_rules_val": 0.005154639175257732,
    "micro_mean_over_rules_train": 0.004496788008565311,
    "micro_mean_over_rules_val": 0.005583126550868486
  },
  "per_class": {
    "path": "!previous_results\\categorical_2rule_lr_wd_test\\add_or_mul_p97_wd0.1_lr1.0_d128_l2_tf0.5_cat_c_rc2_ep3000.json",
    "operation": "add_or_mul",
    "p": 97,
    "rule_count": 2,
    "last_log_epoch": 3000,
    "per_class_train_last": [
      0.0,
      0.0,
      0.0,
      0.0,
      0.0,
      0.0,
      0.0,
      0.0,
      0.0,
      0.0,
      0.0,
      0.0,
      0.0,
      0.0,
      0.0,
      0.0,
      0.0,
      0.0,
      0.0,
      0.0,
      0.0,
      0.0,
      0.0,
      0.0,
      0.0,
      0.0,
      0.0,
      0.0,
      0.0,
      0.0,
      0.0,
      0.0,
      0.0,
      0.0,
      0.0,
      0.0,
      0.0,
      0.0,
      0.0,
      0.0,
      0.0,
      0.0,
      0.0,
      0.0,
      0.0,
      0.0,
      0.0,
      0.0,
      0.0,
      0.0,
      0.0,
      0.0,
      0.0,
      0.0,
      0.0,
      0.0,
      0.0,
      0.0,
      0.0,
      0.0,
      0.0,
      0.0,
      0.0,
      0.0,
      0.0,
      0.0,
      0.0,
      0.0,
      0.0,
      0.0,
      0.0,
      0.0,
      0.0,
      0.0,
      0.0,
      0.0,
      0.0,
      0.0,
      0.0,
      0.0,
      0.0,
      0.0,
      0.0,
      0.0,
      0.0,
      0.0,
      0.0,
      0.0,
      0.0,
      0.0,
      0.0,
      0.0,
      0.0,
      0.0,
      0.0,
      0.0,
      0.0,
      0.0,
      0.0,
      0.0,
      0.0,
      0.0,
      0.0,
      0.0,
      0.0,
      0.0,
      0.0,
      0.0,
      0.0,
      0.0,
      0.0,
      0.0,
      0.0,
      0.0,
      0.0,
      0.0,
      0.0,
      0.0,
      0.0,
      0.0,
      0.0,
      0.0,
      0.0,
      0.0,
      0.0,
      0.0,
      0.0,
      0.0,
      0.0,
      0.0,
      0.0,
      0.0,
      0.0,
      0.0,
      0.0,
      0.0,
      0.0,
      0.0,
      0.0,
      0.0,
      0.0,
      0.0,
      0.0,
      0.0,
      0.0,
      0.0,
      0.0,
      0.0,
      0.0,
      0.0,
      0.0,
      0.0,
      0.0,
      0.0,
      0.0,
      0.0,
      0.0,
      0.0,
      0.0,
      0.0,
      0.0,
      0.0,
      0.0,
      0.0,
      0.0,
      0.0,
      0.0,
      0.0,
      0.0,
      0.0,
      0.0,
      0.0,
      0.0,
      0.0,
      0.0,
      0.0,
      0.0,
      0.0,
      0.0,
      0.0,
      0.0,
      0.0,
      0.0,
      0.0,
      0.0,
      0.0,
      0.0,
      0.0,
      0.0,
      0.0,
      0.0,
      0.0,
      0.0,
      1.0
    ],
    "per_class_val_last": [
      0.0,
      0.0,
      0.0,
      0.0,
      0.0,
      0.0,
      0.0,
      0.0,
      0.0,
      0.0,
      0.0,
      0.0,
      0.0,
      0.0,
      0.0,
      0.0,
      0.0,
      0.0,
      0.0,
      0.0,
      0.0,
      0.0,
      0.0,
      0.0,
      0.0,
      0.0,
      0.0,
      0.0,
      0.0,
      0.0,
      0.0,
      0.0,
      0.0,
      0.0,
      0.0,
      0.0,
      0.0,
      0.0,
      0.0,
      0.0,
      0.0,
      0.0,
      0.0,
      0.0,
      0.0,
      0.0,
      0.0,
      0.0,
      0.0,
      0.0,
      0.0,
      0.0,
      0.0,
      0.0,
      0.0,
      0.0,
      0.0,
      0.0,
      0.0,
      0.0,
      0.0,
      0.0,
      0.0,
      0.0,
      0.0,
      0.0,
      0.0,
      0.0,
      0.0,
      0.0,
      0.0,
      0.0,
      0.0,
      0.0,
      0.0,
      0.0,
      0.0,
      0.0,
      0.0,
      0.0,
      0.0,
      0.0,
      0.0,
      0.0,
      0.0,
      0.0,
      0.0,
      0.0,
      0.0,
      0.0,
      0.0,
      0.0,
      0.0,
      0.0,
      0.0,
      0.0,
      0.0,
      0.0,
      0.0,
      0.0,
      0.0,
      0.0,
      0.0,
      0.0,
      0.0,
      0.0,
      0.0,
      0.0,
      0.0,
      0.0,
      0.0,
      0.0,
      0.0,
      0.0,
      0.0,
      0.0,
      0.0,
      0.0,
      0.0,
      0.0,
      0.0,
      0.0,
      0.0,
      0.0,
      0.0,
      0.0,
      0.0,
      0.0,
      0.0,
      0.0,
      0.0,
      0.0,
      0.0,
      0.0,
      0.0,
      0.0,
      0.0,
      0.0,
      0.0,
      0.0,
      0.0,
      0.0,
      0.0,
      0.0,
      0.0,
      0.0,
      0.0,
      0.0,
      0.0,
      0.0,
      0.0,
      0.0,
      0.0,
      0.0,
      0.0,
      0.0,
      0.0,
      0.0,
      0.0,
      0.0,
      0.0,
      0.0,
      0.0,
      0.0,
      0.0,
      0.0,
      0.0,
      0.0,
      0.0,
      0.0,
      0.0,
      0.0,
      0.0,
      0.0,
      0.0,
      0.0,
      0.0,
      0.0,
      0.0,
      0.0,
      0.0,
      0.0,
      0.0,
      0.0,
      0.0,
      0.0,
      0.0,
      0.0,
      0.0,
      0.0,
      0.0,
      0.0,
      0.0,
      1.0
    ],
    "per_class_train_support": [
      23,
      28,
      26,
      23,
      23,
      23,
      31,
      20,
      32,
      28,
      26,
      26,
      23,
      18,
      19,
      29,
      23,
      31,
      20,
      21,
      29,
      21,
      22,
      26,
      28,
      24,
      21,
      25,
      24,
      29,
      23,
      23,
      22,
      23,
      24,
      25,
      20,
      22,
      21,
      22,
      25,
      31,
      23,
      19,
      19,
      25,
      32,
      25,
      22,
      20,
      19,
      31,
      22,
      29,
      28,
      23,
      25,
      28,
      32,
      27,
      20,
      19,
      27,
      19,
      32,
      21,
      19,
      25,
      24,
      26,
      20,
      20,
      17,
      27,
      22,
      26,
      34,
      23,
      24,
      29,
      26,
      23,
      26,
      22,
      19,
      22,
      25,
      27,
      26,
      26,
      27,
      27,
      26,
      26,
      26,
      25,
      24,
      71,
      18,
      24,
      22,
      26,
      21,
      22,
      18,
      25,
      23,
      27,
      25,
      23,
      27,
      30,
      22,
      23,
      30,
      24,
      24,
      23,
      22,
      22,
      23,
      9,
      21,
      21,
      18,
      20,
      26,
      26,
      20,
      24,
      23,
      25,
      30,
      14,
      15,
      25,
      22,
      29,
      20,
      31,
      20,
      22,
      26,
      24,
      21,
      26,
      20,
      31,
      30,
      30,
      28,
      22,
      28,
      22,
      21,
      18,
      18,
      29,
      18,
      27,
      27,
      21,
      31,
      24,
      25,
      24,
      22,
      28,
      27,
      27,
      27,
      23,
      24,
      27,
      28,
      26,
      20,
      24,
      23,
      23,
      27,
      22,
      22,
      20,
      27,
      19,
      21,
      29,
      20,
      20,
      16,
      21,
      34,
      21
    ],