{
  "summary_row": {
    "path": "!previous_results\\categorical_one_rule_2wd\\mul_p97_wd2.0_lr0.001_d128_l2_tf0.5_cat_c_ep10000.json",
    "operation": "mul",
    "p": 97,
    "rule_count": 1,
    "num_classes": 97,
    "branch_metric": "b_parity",
    "branch_label_1": "odd",
    "branch_label_2": "even",
    "last_log_epoch": 10000,
    "train_acc_last": 1.0,
    "val_acc_last": 1.0,
    "train_acc_mean_logs": 0.9881377533078194,
    "val_acc_mean_logs": 0.9430722607299685,
    "train_branch1_last": 1.0,
    "train_branch2_last": 1.0,
    "val_branch1_last": 1.0,
    "val_branch2_last": 1.0,
    "rule0_macro_train_last": 1.0,
    "rule0_macro_val_last": 1.0,
    "rule0_micro_train_last": 1.0,
    "rule0_micro_val_last": 1.0,
    "macro_mean_over_rules_train": 1.0,
    "macro_mean_over_rules_val": 1.0,
    "micro_mean_over_rules_train": 1.0,
    "micro_mean_over_rules_val": 1.0
  },
  "per_class": {
    "path": "!previous_results\\categorical_one_rule_2wd\\mul_p97_wd2.0_lr0.001_d128_l2_tf0.5_cat_c_ep10000.json",
    "operation": "mul",
    "p": 97,
    "rule_count": 1,
    "last_log_epoch": 10000,
    "per_class_train_last": [
      1.0,
      1.0,
      1.0,
      1.0,
      1.0,
      1.0,
      1.0,
      1.0,
      1.0,
      1.0,
      1.0,
      1.0,
      1.0,
      1.0,
      1.0,
      1.0,
      1.0,
      1.0,
      1.0,
      1.0,
      1.0,
      1.0,
      1.0,
      1.0,
      1.0,
      1.0,
      1.0,
      1.0,
      1.0,
      1.0,
      1.0,
      1.0,
      1.0,
      1.0,
      1.0,
      1.0,
      1.0,
      1.0,
      1.0,
      1.0,
      1.0,
      1.0,
      1.0,
      1.0,
      1.0,
      1.0,
      1.0,
      1.0,
      1.0,
      1.0,
      1.0,
      1.0,
      1.0,
      1.0,
      1.0,
      1.0,
      1.0,
      1.0,
      1.0,
      1.0,
      1.0,
      1.0,
      1.0,
      1.0,
      1.0,
      1.0,
      1.0,
      1.0,
      1.0,
      1.0,
      1.0,
      1.0,
      1.0,
      1.0,
      1.0,
      1.0,
      1.0,
      1.0,
      1.0,
      1.0,
      1.0,
      1.0,
      1.0,
      1.0,
      1.0,
      1.0,
      1.0,
      1.0,
      1.0,
      1.0,
      1.0,
      1.0,
      1.0,
      1.0,
      1.0,
      1.0,
      1.0
    ],
    "per_class_val_last": [
      1.0,
      1.0,
      1.0,
      1.0,
      1.0,
      1.0,
      1.0,
      1.0,
      1.0,
      1.0,
      1.0,
      1.0,
      1.0,
      1.0,
      1.0,
      1.0,
      1.0,
      1.0,
      1.0,
      1.0,
      1.0,
      1.0,
      1.0,
      1.0,
      1.0,
      1.0,
      1.0,
      1.0,
      1.0,
      1.0,
      1.0,
      1.0,
      1.0,
      1.0,
      1.0,
      1.0,
      1.0,
      1.0,
      1.0,
      1.0,
      1.0,
      1.0,
      1.0,
      1.0,
      1.0,
      1.0,
      1.0,
      1.0,
      1.0,
      1.0,
      1.0,
      1.0,
      1.0,
      1.0,
      1.0,
      1.0,
      1.0,
      1.0,
      1.0,
      1.0,
      1.0,
      1.0,
      1.0,
      1.0,
      1.0,
      1.0,
      1.0,
      1.0,
      1.0,
      1.0,
      1.0,
      1.0,
      1.0,
      1.0,
      1.0,
      1.0,
      1.0,
      1.0,
      1.0,
      1.0,
      1.0,
      1.0,
      1.0,
      1.0,
      1.0,
      1.0,
      1.0,
      1.0,
      1.0,
      1.0,
      1.0,
      1.0,
      1.0,
      1.0,
      1.0,
      1.0,
      1.0
    ],
    "per_class_train_support": [
      102,
      40,
      46,
      44,
      50,
      47,
      44,
      40,
      56,
      54,
      55,
      46,
      43,
      55,
      55,
      53,
      48,
      53,
      46,
      52,
      48,
      44,
      48,
      52,
      31,
      43,
      46,
      44,
      44,
      51,
      48,
      41,
      46,
      45,
      43,
      60,
      40,
      43,
      52,
      44,
      52,
      43,
      52,
      40,
      44,
      55,
      54,
      46,
      53,
      40,
      58,
      55,
      58,
      46,
      51,
      53,
      57,
      45,
      42,
      46,
      49,
      41,
      48,
      54,
      48,
      54,
      46,
      46,
      50,
      48,
      55,
      51,
      55,
      51,
      44,
      50,
      53,
      49,
      48,
      49,
      46,
      48,
      47,
      50,
      42,
      47,
      45,
      48,
      42,
      46,
      53,
      49,
      43,
      38,
      41,
      53,
      45
    ],
    "per_class_val_support": [
      91,
      56,
      50,
      52,
      46,
      49,
      52,
      56,
      40,
      42,
      41,
      50,
      53,
      41,
      41,
      43,
      48,
      43,
      50,
      44,
      48,
      52,
      48,
      44,
      65,
      53,
      50,
      52,
      52,
      45,
      48,
      55,
      50,
      51,
      53,
      36,
      56,
      53,
      44,
      52,
      44,
      53,
      44,
      56,
      52,
      41,
      42,
      50,
      43,
      56,
      38,
      41,
      38,
      50,
      45,
      43,
      39,
      51,
      54,
      50,
      47,
      55,
      48,
      42,
      48,
      42,
      50,
      50,
      46,
      48,
      41,
      45,
      41,
      45,
      52,
      46,
      43,
      47,
      48,
      47,
      50,
      48,
      49,
      46,
      54,
      49,
      51,
      48,
      54,
      50,
      43,
      47,
      53,
      58,
      55,
      43,
      51
    ]
  }
}