{
  "summary_row": {
    "path": "!previous_results\\categorical_2rule_wd_test\\add_or_mul_p97_wd2.0_lr0.001_d128_l2_tf0.5_cat_c_rc2_ep5000.json",
    "operation": "add_or_mul",
    "p": 97,
    "rule_count": 2,
    "num_classes": 194,
    "branch_metric": "b_parity",
    "branch_label_1": "odd",
    "branch_label_2": "even",
    "last_log_epoch": 5000,
    "train_acc_last": 0.8620322942733765,
    "val_acc_last": 0.5900105834007263,
    "train_acc_mean_logs": 0.8526764351129532,
    "val_acc_mean_logs": 0.3611136999167502,
    "train_branch1_last": 0.8644998073577881,
    "train_branch2_last": 0.8595288991928101,
    "val_branch1_last": 0.6187145113945007,
    "val_branch2_last": 0.5628618597984314,
    "rule0_macro_train_last": 0.8649954639175258,
    "rule0_macro_val_last": 0.6204172164948454,
    "rule0_micro_train_last": 0.8645000042211903,
    "rule0_micro_val_last": 0.6187141801486666,
    "rule1_macro_train_last": 0.8531625773195877,
    "rule1_macro_val_last": 0.560909793814433,
    "rule1_micro_train_last": 0.859528993576017,
    "rule1_micro_val_last": 0.5628617452440032,
    "macro_mean_over_rules_train": 0.8590790206185568,
    "macro_mean_over_rules_val": 0.5906635051546392,
    "micro_mean_over_rules_train": 0.8620144988986036,
    "micro_mean_over_rules_val": 0.5907879626963349
  },
  "per_class": {
    "path": "!previous_results\\categorical_2rule_wd_test\\add_or_mul_p97_wd2.0_lr0.001_d128_l2_tf0.5_cat_c_rc2_ep5000.json",
    "operation": "add_or_mul",
    "p": 97,
    "rule_count": 2,
    "last_log_epoch": 5000,
    "per_class_train_last": [
      0.78261,
      1.0,
      0.80769,
      0.95652,
      0.86957,
      0.95652,
      0.67742,
      0.95,
      0.8125,
      0.96429,
      0.88462,
      0.96154,
      0.56522,
      0.88889,
      0.89474,
      0.89655,
      0.91304,
      0.96774,
      0.85,
      0.90476,
      0.65517,
      1.0,
      0.63636,
      0.92308,
      0.71429,
      0.95833,
      0.80952,
      0.88,
      0.875,
      0.96552,
      0.78261,
      0.91304,
      0.95455,
      0.82609,
      0.79167,
      0.84,
      0.55,
      0.86364,
      0.80952,
      0.86364,
      0.92,
      0.93548,
      0.82609,
      0.84211,
      1.0,
      0.88,
      0.90625,
      0.92,
      0.86364,
      0.7,
      1.0,
      0.70968,
      0.95455,
      0.86207,
      0.92857,
      0.91304,
      0.96,
      0.85714,
      0.84375,
      0.92593,
      0.85,
      0.78947,
      1.0,
      0.78947,
      0.84375,
      0.80952,
      0.89474,
      0.92,
      0.95833,
      0.96154,
      0.85,
      0.9,
      0.88235,
      0.66667,
      0.95455,
      0.76923,
      0.94118,
      0.95652,
      0.95833,
      0.68966,
      1.0,
      0.69565,
      0.92308,
      0.90909,
      1.0,
      0.68182,
      1.0,
      0.59259,
      1.0,
      0.84615,
      0.96296,
      0.59259,
      1.0,
      0.76923,
      0.96154,
      0.72,
      1.0,
      1.0,
      0.72222,
      0.91667,
      0.90909,
      1.0,
      0.71429,
      0.90909,
      0.72222,
      0.64,
      0.82609,
      0.85185,
      0.88,
      0.91304,
      0.62963,
      0.8,
      0.90909,
      0.91304,
      0.9,
      0.70833,
      0.95833,
      1.0,
      0.90909,
      0.72727,
      0.86957,
      0.88889,
      0.66667,
      0.85714,
      0.66667,
      1.0,
      0.76923,
      0.88462,
      0.95,
      0.91667,
      0.91304,
      1.0,
      0.73333,
      1.0,
      0.6,
      0.8,
      0.77273,
      0.75862,
      0.85,
      1.0,
      0.95,
      0.90909,
      0.88462,
      0.875,
      0.90476,
      0.92308,
      0.85,
      0.74194,
      0.96667,
      0.93333,
      0.96429,
      1.0,
      0.92857,
      0.45455,
      0.85714,
      0.88889,
      0.55556,
      0.89655,
      0.94444,
      0.96296,
      0.96296,
      0.61905,
      0.77419,
      0.95833,
      0.96,
      0.75,
      0.86364,
      0.71429,
      0.85185,
      0.88889,
      0.96296,
      0.91304,
      0.625,
      1.0,
      0.89286,
      0.96154,
      0.85,
      0.91667,
      1.0,
      0.91304,
      0.92593,
      0.54545,
      0.77273,
      0.85,
      0.88889,
      0.52632,
      0.85714,
      0.7931,
      0.9,
      0.85,
      0.875,
      1.0,
      0.94118,
      0.90476
    ],
    "per_class_val_last": [
      0.24,
      1.0,
      0.36364,
      0.96,
      0.52,
      0.96,
      0.29412,
      0.92857,
      0.375,
      0.9,
      0.5,
      0.81818,
      0.28,
      0.93333,
      0.27586,
      0.89474,
      0.44,
      0.82353,
      0.39286,
      0.88889,
      0.36842,
      0.7037,
      0.42308,
      0.95455,
      0.55,
      0.83333,
      0.37037,
      0.69565,
      0.5,
      0.68421,
      0.36,
      0.68,
      0.61538,
      0.68,
      0.58333,
      0.65217,
      0.46429,
      0.73077,
      0.66667,
      0.57692,
      0.69565,
      0.82353,
      0.56,
      0.58621,
      0.62069,
      0.69565,
      0.875,
      0.65217,
      0.57692,
      0.67857,
      0.62069,
      0.58824,
      0.57692,
      0.63158,
      0.8,
      0.4,
      0.69565,
      0.7,
      0.875,
      0.57143,
      0.71429,
      0.58621,
      0.71429,
      0.41379,
      0.625,
      0.44444,
      0.75862,
      0.47826,
      0.79167,
      0.54545,
      0.85714,
      0.53571,
      0.80645,
      0.2381,
      0.84615,
      0.40909,
      0.71429,
      0.44,
      0.79167,
      0.15789,
      0.81818,
      0.2,
      0.95455,
      0.26923,
      0.93103,
      0.11538,
      0.91304,
      0.2381,
      0.90909,
      0.31818,
      0.95238,
      0.09524,
      0.95455,
      0.36364,
      1.0,
      0.17391,
      1.0,
      0.89189,
      0.4,
      0.66667,
      0.53846,
      0.59091,
      0.25926,
      0.42308,
      0.53333,
      0.65217,
      0.48,
      0.33333,
      0.6087,
      0.64,
      0.57143,
      0.55556,
      0.46154,
      0.6,
      0.5,
      0.45833,
      0.45833,
      0.76,
      0.69231,
      0.42308,
      0.68,
      0.66667,
      0.14815,
      0.51852,
      0.46667,
      0.64286,
      0.54545,
      0.54545,
      0.67857,
      0.75,
      0.44,
      0.6087,
      0.55556,
      0.44118,
      0.27273,
      0.56522,
      0.53846,
      0.26316,
      0.60714,
      0.64706,
      0.60714,
      0.80769,
      0.68182,
      0.70833,
      0.48148,
      0.59091,
      0.60714,
      0.47059,
      0.72222,
      0.61111,
      0.6,
      0.65385,
      0.65,
      0.23077,
      0.48148,
      0.53333,
      0.16667,
      0.73684,
      0.6,
      0.61905,
      0.85714,
      0.59259,
      0.29412,
      0.58333,
      0.69565,
      0.45833,
      0.61538,
      0.3,
      0.57143,
      0.7619,
      0.61905,
      0.4,
      0.45833,
      0.52381,
      0.65,
      0.63636,
      0.75,
      0.58333,
      0.92,
      0.6,
      0.61905,
      0.5,
      0.53846,
      0.57143,
      0.71429,
      0.24138,
      0.51852,
      0.57895,
      0.60714,
      0.5,
      0.5,
      0.77778,
      0.78571,
      0.44444
    ],