{
  "summary_row": {
    "path": "!previous_results\\category_2rule_similar\\add_or_add_1_p97_wd1.0_lr0.001_d128_l2_tf0.5_cat_c_rc2_ep5000.json",
    "operation": "add_or_add_1",
    "p": 97,
    "rule_count": 2,
    "num_classes": 194,
    "branch_metric": "b_parity",
    "branch_label_1": "odd",
    "branch_label_2": "even",
    "last_log_epoch": 5000,
    "train_acc_last": 0.8728741407394409,
    "val_acc_last": 0.6269925236701965,
    "train_acc_mean_logs": 0.8597640213370323,
    "val_acc_mean_logs": 0.4389394173026085,
    "train_branch1_last": 0.8708316087722778,
    "train_branch2_last": 0.8749464154243469,
    "val_branch1_last": 0.6353301405906677,
    "val_branch2_last": 0.6191067099571228,
    "rule0_macro_train_last": 0.8729563917525773,
    "rule0_macro_val_last": 0.6412043298969072,
    "rule0_micro_train_last": 0.8708319079780499,
    "rule0_micro_val_last": 0.6353305072146918,
    "rule1_macro_train_last": 0.8749448453608247,
    "rule1_macro_val_last": 0.6276770103092784,
    "rule1_micro_train_last": 0.8749467794432548,
    "rule1_micro_val_last": 0.6191066583953679,
    "macro_mean_over_rules_train": 0.873950618556701,
    "macro_mean_over_rules_val": 0.6344406701030928,
    "micro_mean_over_rules_train": 0.8728893437106524,
    "micro_mean_over_rules_val": 0.6272185828050298
  },
  "per_class": {
    "path": "!previous_results\\category_2rule_similar\\add_or_add_1_p97_wd1.0_lr0.001_d128_l2_tf0.5_cat_c_rc2_ep5000.json",
    "operation": "add_or_add_1",
    "p": 97,
    "rule_count": 2,
    "last_log_epoch": 5000,
    "per_class_train_last": [
      0.86957,
      1.0,
      0.76923,
      0.95652,
      1.0,
      0.95652,
      1.0,
      1.0,
      0.5,
      0.92857,
      1.0,
      0.92308,
      0.3913,
      1.0,
      1.0,
      1.0,
      0.78261,
      0.90323,
      0.75,
      1.0,
      1.0,
      1.0,
      1.0,
      0.73077,
      0.5,
      0.91667,
      0.80952,
      0.8,
      1.0,
      1.0,
      1.0,
      1.0,
      0.68182,
      0.95652,
      0.95833,
      0.68,
      0.6,
      1.0,
      1.0,
      0.86364,
      0.72,
      0.90323,
      0.65217,
      1.0,
      0.84211,
      0.68,
      0.625,
      1.0,
      0.86364,
      1.0,
      0.94737,
      1.0,
      1.0,
      0.86207,
      0.75,
      1.0,
      0.96,
      0.82143,
      0.78125,
      1.0,
      0.8,
      1.0,
      1.0,
      0.68421,
      0.84375,
      1.0,
      0.89474,
      1.0,
      0.91667,
      0.69231,
      0.85,
      1.0,
      0.88235,
      1.0,
      0.77273,
      0.76923,
      0.91176,
      0.65217,
      0.91667,
      0.82759,
      1.0,
      0.73913,
      0.92308,
      0.68182,
      0.94737,
      0.40909,
      1.0,
      0.48148,
      1.0,
      1.0,
      0.92593,
      0.51852,
      1.0,
      1.0,
      1.0,
      1.0,
      1.0,
      1.0,
      0.74074,
      1.0,
      0.7037,
      1.0,
      0.56522,
      1.0,
      0.48,
      0.95,
      0.96296,
      1.0,
      0.59091,
      1.0,
      1.0,
      0.92,
      0.7,
      0.96154,
      1.0,
      1.0,
      1.0,
      0.79167,
      0.46875,
      0.96154,
      0.5,
      1.0,
      1.0,
      1.0,
      1.0,
      1.0,
      0.78261,
      0.89474,
      0.73684,
      0.86957,
      1.0,
      0.85714,
      0.68182,
      1.0,
      1.0,
      0.68182,
      0.68966,
      0.93103,
      1.0,
      0.95455,
      1.0,
      0.88462,
      1.0,
      1.0,
      1.0,
      0.83333,
      0.91667,
      0.75,
      0.85714,
      0.55,
      0.83333,
      0.79167,
      1.0,
      0.7037,
      0.71429,
      1.0,
      0.94737,
      0.6875,
      1.0,
      0.75,
      0.73913,
      1.0,
      1.0,
      0.61905,
      1.0,
      0.68182,
      1.0,
      1.0,
      0.95,
      0.72,
      1.0,
      0.53846,
      1.0,
      0.89474,
      1.0,
      1.0,
      1.0,
      0.8,
      1.0,
      0.91667,
      1.0,
      0.91667,
      1.0,
      1.0,
      0.96154,
      1.0,
      0.95652,
      0.59259,
      1.0,
      1.0,
      0.95455,
      0.54545,
      0.96429,
      0.52174
    ],
    "per_class_val_last": [
      0.16,
      1.0,
      0.31818,
      0.96,
      0.32,
      1.0,
      0.47059,
      0.96429,
      0.375,
      0.9,
      0.59091,
      0.81818,
      0.16,
      0.96667,
      0.48276,
      0.94737,
      0.24,
      0.76471,
      0.21429,
      0.88889,
      0.26316,
      0.66667,
      0.53846,
      0.86364,
      0.7,
      0.70833,
      0.55556,
      0.78261,
      0.58333,
      0.84211,
      0.68,
      0.6,
      0.42308,
      0.68,
      0.75,
      0.6087,
      0.53571,
      0.73077,
      0.55556,
      0.61538,
      0.73913,
      0.82353,
      0.48,
      0.58621,
      0.48276,
      0.73913,
      0.875,
      0.65217,
      0.46154,
      0.64286,
      0.58621,
      0.82353,
      0.61538,
      0.63158,
      0.8,
      0.64,
      0.6087,
      0.7,
      0.875,
      0.71429,
      0.82143,
      0.58621,
      0.71429,
      0.31034,
      0.6875,
      0.37037,
      0.75862,
      0.65217,
      0.79167,
      0.77273,
      0.82143,
      0.39286,
      0.77419,
      0.52381,
      0.84615,
      0.68182,
      0.71429,
      0.36,
      0.75,
      0.31579,
      0.81818,
      0.28,
      1.0,
      0.11538,
      0.93103,
      0.19231,
      0.91304,
      0.33333,
      0.90909,
      0.22727,
      0.95238,
      0.33333,
      0.95455,
      0.45455,
      1.0,
      0.43478,
      1.0,
      1.0,
      0.22727,
      0.96296,
      0.18182,
      1.0,
      0.26923,
      0.91667,
      0.04167,
      0.93103,
      0.22727,
      0.94444,
      0.07407,
      1.0,
      0.68182,
      0.83333,
      0.31034,
      0.73913,
      0.40741,
      0.89474,
      0.58621,
      0.92,
      0.58824,
      0.95652,
      0.47826,
      0.9,
      0.36,
      0.84,
      0.44118,
      0.80952,
      0.26923,
      0.66667,
      0.33333,
      0.88462,
      0.58333,
      0.80952,
      0.37037,
      0.95,
      0.65385,
      0.81481,
      0.6,
      0.75,
      0.46429,
      0.48148,
      0.73913,
      0.69565,
      0.7037,
      0.57143,
      0.56,
      0.52,
      0.8,
      0.61905,
      0.71429,
      0.51724,
      0.68,
      0.56,
      0.62963,
      0.5,
      0.90476,
      0.4375,
      0.7,
      0.42424,
      0.7,
      0.51724,
      0.80769,
      0.76923,
      0.68421,
      0.71429,
      0.82353,
      0.2963,
      0.74074,
      0.21429,
      0.86207,
      0.5,
      0.86957,
      0.34783,
      0.91667,
      0.23333,
      0.82353,
      0.48276,
      0.96429,
      0.29167,
      0.84615,
      0.4,
      0.82143,
      0.6,
      0.88889,
      0.55,
      0.91304,
      0.33333,
      0.96154,
      0.22727,
      1.0,
      0.24,
      1.0,
      0.07407,
      1.0,
      0.03846
    ],