{
  "summary_row": {
    "path": "!previous_results\\category_add_or_add_weird\\add_or_add_p97_wd1.0_lr0.001_d128_l2_tf0.5_cat_c_rc2_ep5000.json",
    "operation": "add_or_add",
    "p": 97,
    "rule_count": 2,
    "num_classes": 194,
    "branch_metric": "b_parity",
    "branch_label_1": "odd",
    "branch_label_2": "even",
    "last_log_epoch": 5000,
    "train_acc_last": 0.8728741407394409,
    "val_acc_last": 0.6269925236701965,
    "train_acc_mean_logs": 0.8652295818924904,
    "val_acc_mean_logs": 0.4649798017553985,
    "train_branch1_last": 0.8666104078292847,
    "train_branch2_last": 0.8792291283607483,
    "val_branch1_last": 0.6187145113945007,
    "val_branch2_last": 0.6348221898078918,
    "rule0_macro_train_last": 0.8658156701030928,
    "rule0_macro_val_last": 0.6245411340206185,
    "rule0_micro_train_last": 0.866610540312368,
    "rule0_micro_val_last": 0.6187148666375164,
    "rule1_macro_train_last": 0.8800068041237114,
    "rule1_macro_val_last": 0.6429344329896908,
    "rule1_micro_train_last": 0.8792294561027838,
    "rule1_micro_val_last": 0.6348222208436723,
    "macro_mean_over_rules_train": 0.872911237113402,
    "macro_mean_over_rules_val": 0.6337377835051546,
    "micro_mean_over_rules_train": 0.8729199982075759,
    "micro_mean_over_rules_val": 0.6267685437405943
  },
  "per_class": {
    "path": "!previous_results\\category_add_or_add_weird\\add_or_add_p97_wd1.0_lr0.001_d128_l2_tf0.5_cat_c_rc2_ep5000.json",
    "operation": "add_or_add",
    "p": 97,
    "rule_count": 2,
    "last_log_epoch": 5000,
    "per_class_train_last": [
      1.0,
      1.0,
      0.46154,
      0.95652,
      1.0,
      1.0,
      1.0,
      1.0,
      1.0,
      0.92857,
      0.65385,
      0.96154,
      0.3913,
      0.88889,
      1.0,
      0.96552,
      0.78261,
      0.90323,
      0.75,
      0.7619,
      0.96552,
      0.95238,
      0.40909,
      1.0,
      1.0,
      0.91667,
      0.80952,
      0.8,
      0.79167,
      0.96552,
      1.0,
      0.91304,
      0.68182,
      0.91304,
      0.66667,
      1.0,
      1.0,
      0.68182,
      0.61905,
      1.0,
      0.72,
      1.0,
      0.65217,
      1.0,
      0.84211,
      1.0,
      0.8125,
      1.0,
      1.0,
      1.0,
      0.78947,
      1.0,
      1.0,
      1.0,
      0.75,
      0.65217,
      0.84,
      0.96429,
      0.75,
      1.0,
      1.0,
      0.89474,
      1.0,
      1.0,
      1.0,
      1.0,
      0.94737,
      1.0,
      0.95833,
      0.69231,
      1.0,
      1.0,
      1.0,
      0.55556,
      1.0,
      0.69231,
      1.0,
      0.65217,
      1.0,
      0.65517,
      1.0,
      0.65217,
      0.96154,
      0.59091,
      1.0,
      0.40909,
      0.96,
      0.48148,
      0.96154,
      1.0,
      1.0,
      0.51852,
      1.0,
      0.61538,
      0.96154,
      0.56,
      1.0,
      0.62963,
      1.0,
      1.0,
      1.0,
      0.56522,
      0.96,
      0.48,
      0.95,
      0.37037,
      1.0,
      1.0,
      0.96774,
      1.0,
      1.0,
      0.7,
      1.0,
      1.0,
      1.0,
      1.0,
      1.0,
      0.5,
      1.0,
      1.0,
      0.75862,
      0.41667,
      1.0,
      1.0,
      1.0,
      1.0,
      0.94737,
      0.73684,
      0.95652,
      1.0,
      0.89286,
      1.0,
      0.72414,
      0.65217,
      1.0,
      0.96552,
      0.82759,
      1.0,
      0.81818,
      1.0,
      0.88462,
      1.0,
      0.71429,
      0.75,
      0.83333,
      0.79167,
      0.75,
      0.96429,
      0.55,
      0.83333,
      0.625,
      1.0,
      1.0,
      0.82143,
      0.76471,
      1.0,
      0.6875,
      0.78947,
      0.85,
      0.73913,
      0.73913,
      0.83333,
      0.61905,
      0.93333,
      0.68182,
      0.95455,
      1.0,
      0.8,
      0.72,
      0.92308,
      1.0,
      0.8,
      1.0,
      0.90625,
      1.0,
      0.90476,
      1.0,
      1.0,
      1.0,
      0.95238,
      1.0,
      0.95455,
      1.0,
      1.0,
      1.0,
      1.0,
      0.59259,
      0.92308,
      1.0,
      0.95455,
      1.0,
      1.0,
      1.0,
      1.0
    ],
    "per_class_val_last": [
      0.24,
      1.0,
      0.18182,
      0.96,
      0.44,
      1.0,
      0.47059,
      0.96429,
      0.5,
      0.9,
      0.36364,
      0.81818,
      0.28,
      0.9,
      0.51724,
      0.94737,
      0.28,
      0.76471,
      0.21429,
      0.88889,
      0.21053,
      0.7037,
      0.34615,
      0.95455,
      0.75,
      0.70833,
      0.55556,
      0.69565,
      0.625,
      0.84211,
      0.64,
      0.64,
      0.46154,
      0.68,
      0.58333,
      0.6087,
      0.46429,
      0.73077,
      0.51852,
      0.57692,
      0.6087,
      0.82353,
      0.4,
      0.65517,
      0.48276,
      0.73913,
      0.8125,
      0.6087,
      0.5,
      0.53571,
      0.62069,
      0.82353,
      0.53846,
      0.68421,
      0.7,
      0.44,
      0.69565,
      0.75,
      0.9375,
      0.66667,
      0.92857,
      0.44828,
      0.71429,
      0.27586,
      0.625,
      0.37037,
      0.72414,
      0.52174,
      0.79167,
      0.59091,
      0.82143,
      0.42857,
      0.77419,
      0.33333,
      0.84615,
      0.59091,
      0.64286,
      0.32,
      0.75,
      0.47368,
      0.86364,
      0.2,
      1.0,
      0.15385,
      0.93103,
      0.26923,
      0.91304,
      0.33333,
      0.90909,
      0.27273,
      0.95238,
      0.2381,
      0.95455,
      0.36364,
      1.0,
      0.30435,
      1.0,
      0.13636,
      0.96296,
      0.27273,
      1.0,
      0.15385,
      0.91667,
      0.04167,
      0.93103,
      0.13636,
      0.94444,
      0.25926,
      1.0,
      0.54545,
      0.91667,
      0.27586,
      0.73913,
      0.37037,
      0.89474,
      0.58621,
      0.92,
      0.64706,
      0.91304,
      0.69565,
      0.8,
      0.32,
      0.84,
      0.44118,
      0.90476,
      0.23077,
      0.66667,
      0.36667,
      0.84615,
      0.54167,
      0.80952,
      0.51852,
      0.95,
      0.73077,
      0.81481,
      0.65,
      0.8,
      0.57143,
      0.48148,
      0.82609,
      0.6087,
      0.7037,
      0.57143,
      0.6,
      0.56,
      0.76,
      0.7619,
      0.66667,
      0.51724,
      0.76,
      0.52,
      0.7037,
      0.72727,
      0.80952,
      0.40625,
      0.66667,
      0.45455,
      0.6,
      0.65517,
      0.80769,
      0.80769,
      0.73684,
      0.71429,
      0.85294,
      0.40741,
      0.74074,
      0.35714,
      0.86207,
      0.45833,
      0.86957,
      0.52174,
      0.91667,
      0.3,
      0.88235,
      0.51724,
      0.96429,
      0.16667,
      0.80769,
      0.48,
      0.82143,
      0.56,
      0.88889,
      0.45,
      0.91304,
      0.33333,
      0.96154,
      0.18182,
      1.0,
      0.32,
      1.0,
      0.14815,
      1.0,
      0.19231,
      1.0
    ],