{
  "summary": {
    "operation": "add",
    "p": 97,
    "train_frac": 0.5,
    "max_train_samples": null,
    "input_format": "a_op_b_eq",
    "weight_decay": 1.0,
    "lr": 0.001,
    "d_model": 128,
    "num_layers": 2,
    "memo_epoch": null,
    "grok_epoch": null,
    "grok_gap": null,
    "elapsed_sec": 3703.3
  },
  "log_epochs": [
    50,
    100,
    150,
    200,
    250,
    300,
    350,
    400,
    450,
    500,
    550,
    600,
    650,
    700,
    750,
    800,
    850,
    900,
    950,
    1000,
    1050,
    1100,
    1150,
    1200,
    1250,
    1300,
    1350,
    1400,
    1450,
    1500,
    1550,
    1600,
    1650,
    1700,
    1750,
    1800,
    1850,
    1900,
    1950,
    2000,
    2050,
    2100,
    2150,
    2200,
    2250,
    2300,
    2350,
    2400,
    2450,
    2500,
    2550,
    2600,
    2650,
    2700,
    2750,
    2800,
    2850,
    2900,
    2950,
    3000,
    3050,
    3100,
    3150,
    3200,
    3250,
    3300,
    3350,
    3400,
    3450,
    3500,
    3550,
    3600,
    3650,
    3700,
    3750,
    3800,
    3850,
    3900,
    3950,
    4000,
    4050,
    4100,
    4150,
    4200,
    4250,
    4300,
    4350,
    4400,
    4450,
    4500,
    4550,
    4600,
    4650,
    4700,
    4750,
    4800,
    4850,
    4900,
    4950,
    5000
  ],
  "train_accs": [
    0.3320578336715698,
    0.8492771983146667,
    0.8779761791229248,
    0.8779761791229248,
    0.8779761791229248,
    0.8779761791229248,
    0.8779761791229248,
    0.8779761791229248,
    0.8779761791229248,
    0.8779761791229248,
    0.8779761791229248,
    0.8779761791229248,
    0.8779761791229248,
    0.8779761791229248,
    0.8779761791229248,
    0.8779761791229248,
    0.8779761791229248,
    0.8779761791229248,
    0.8779761791229248,
    0.6171343326568604,
    0.8779761791229248,
    0.8779761791229248,
    0.8779761791229248,
    0.8779761791229248,
    0.8779761791229248,
    0.8779761791229248,
    0.8779761791229248,
    0.8779761791229248,
    0.7597789168357849,
    0.8779761791229248,
    0.8696853518486023,
    0.8779761791229248,
    0.8741496801376343,
    0.8779761791229248,
    0.8711734414100647,
    0.8779761791229248,
    0.8692601919174194,
    0.8779761791229248,
    0.8769132494926453,
    0.8779761791229248,
    0.8779761791229248,
    0.8779761791229248,
    0.8779761791229248,
    0.8779761791229248,
    0.8779761791229248,
    0.8501275777816772,
    0.8779761791229248,
    0.8643707633018494,
    0.8779761791229248,
    0.8775510191917419,
    0.8779761791229248,
    0.8777636289596558,
    0.8779761791229248,
    0.8779761791229248,
    0.8779761791229248,
    0.8779761791229248,
    0.8779761791229248,
    0.8779761791229248,
    0.8779761791229248,
    0.8779761791229248,
    0.8779761791229248,
    0.8779761791229248,
    0.8779761791229248,
    0.8779761791229248,
    0.8779761791229248,
    0.8779761791229248,
    0.8779761791229248,
    0.8779761791229248,
    0.8779761791229248,
    0.8779761791229248,
    0.8779761791229248,
    0.8779761791229248,
    0.8779761791229248,
    0.8779761791229248,
    0.8779761791229248,
    0.8779761791229248,
    0.8779761791229248,
    0.8779761791229248,
    0.8779761791229248,
    0.8779761791229248,
    0.8779761791229248,
    0.8779761791229248,
    0.8779761791229248,
    0.8779761791229248,
    0.8779761791229248,
    0.8779761791229248,
    0.8779761791229248,
    0.8779761791229248,
    0.8779761791229248,
    0.8779761791229248,
    0.8779761791229248,
    0.8779761791229248,
    0.8779761791229248,
    0.8779761791229248,
    0.8779761791229248,
    0.8779761791229248,
    0.8779761791229248,
    0.8779761791229248,
    0.8779761791229248,
    0.8779761791229248
  ],
  "val_accs": [
    0.044845908880233765,
    0.3253985047340393,
    0.34771519899368286,
    0.34856536984443665,
    0.34899044036865234,
    0.34984058141708374,
    0.34941551089286804,
    0.34984058141708374,
    0.34941551089286804,
    0.34941551089286804,
    0.34941551089286804,
    0.34899044036865234,
    0.34941551089286804,
    0.34941551089286804,
    0.34941551089286804,
    0.34941551089286804,
    0.34984058141708374,
    0.34941551089286804,
    0.34856536984443665,
    0.19426141679286957,
    0.34899044036865234,
    0.34899044036865234,
    0.34856536984443665,
    0.34856536984443665,
    0.34856536984443665,
    0.34899044036865234,
    0.34856536984443665,
    0.34856536984443665,
    0.2903294265270233,
    0.34856536984443665,
    0.342826783657074,
    0.34899044036865234,
    0.3460148870944977,
    0.34899044036865234,
    0.3443145453929901,
    0.34899044036865234,
    0.3434644043445587,
    0.34856536984443665,
    0.3475026488304138,
    0.34899044036865234,
    0.34856536984443665,
    0.34899044036865234,
    0.34984058141708374,
    0.34941551089286804,
    0.34899044036865234,
    0.33198726177215576,
    0.34899044036865234,
    0.34367692470550537,
    0.34941551089286804,
    0.34899044036865234,
    0.34899044036865234,
    0.34899044036865234,
    0.34899044036865234,
    0.34814026951789856,
    0.34856536984443665,
    0.34856536984443665,
    0.34814026951789856,
    0.34856536984443665,
    0.34899044036865234,
    0.34814026951789856,
    0.34856536984443665,
    0.34899044036865234,
    0.34856536984443665,
    0.34856536984443665,
    0.34899044036865234,
    0.34856536984443665,
    0.34899044036865234,
    0.34856536984443665,
    0.34899044036865234,
    0.34984058141708374,
    0.34941551089286804,
    0.34814026951789856,
    0.34941551089286804,
    0.34941551089286804,
    0.34899044036865234,
    0.34984058141708374,
    0.34856536984443665,
    0.34941551089286804,
    0.34856536984443665,
    0.3502656817436218,
    0.34899044036865234,
    0.34941551089286804,
    0.3502656817436218,
    0.34941551089286804,
    0.34984058141708374,
    0.34899044036865234,
    0.34814026951789856,
    0.34941551089286804,
    0.34899044036865234,
    0.34984058141708374,
    0.34984058141708374,
    0.34899044036865234,
    0.34984058141708374,
    0.34941551089286804,
    0.34984058141708374,
    0.3502656817436218,
    0.3506907522678375,
    0.34941551089286804,
    0.34941551089286804,
    0.3506907522678375
  ],