{
  "summary_row": {
    "path": "!previous_results\\categorical_2_rule_group_count\\add_or_mul_p97_wd1.0_lr0.001_d128_l2_tf0.5_cat_c_rc2_ep5000.json",
    "operation": "add_or_mul",
    "p": 97,
    "rule_count": 2,
    "num_classes": 194,
    "branch_metric": "b_parity",
    "branch_label_1": "odd",
    "branch_label_2": "even",
    "last_log_epoch": 5000,
    "train_acc_last": 0.8728741407394409,
    "val_acc_last": 0.2597236931324005,
    "train_acc_mean_logs": 0.856566741168499,
    "val_acc_mean_logs": 0.24886078104376794,
    "train_branch1_last": 0.8809624314308167,
    "train_branch2_last": 0.864668071269989,
    "val_branch1_last": 0.2606034278869629,
    "val_branch2_last": 0.25889164209365845,
    "rule0_macro_train_last": 0.880881237113402,
    "rule0_macro_val_last": 0.26740536082474226,
    "rule0_micro_train_last": 0.8809625918108906,
    "rule0_micro_val_last": 0.2606032837778749,
    "rule1_macro_train_last": 0.8613040206185567,
    "rule1_macro_val_last": 0.25413577319587627,
    "rule1_micro_train_last": 0.8646678886509638,
    "rule1_micro_val_last": 0.258891935483871,
    "macro_mean_over_rules_train": 0.8710926288659794,
    "macro_mean_over_rules_val": 0.26077056701030926,
    "micro_mean_over_rules_train": 0.8728152402309273,
    "micro_mean_over_rules_val": 0.25974760963087296
  },
  "per_class": {
    "path": "!previous_results\\categorical_2_rule_group_count\\add_or_mul_p97_wd1.0_lr0.001_d128_l2_tf0.5_cat_c_rc2_ep5000.json",
    "operation": "add_or_mul",
    "p": 97,
    "rule_count": 2,
    "last_log_epoch": 5000,
    "per_class_train_last": [
      0.86957,
      1.0,
      0.69231,
      0.95652,
      0.78261,
      0.95652,
      0.96774,
      0.95,
      0.78125,
      0.92857,
      0.92308,
      0.92308,
      0.78261,
      0.94444,
      0.84211,
      0.96552,
      0.95652,
      0.96774,
      0.85,
      0.80952,
      0.75862,
      0.95238,
      0.81818,
      0.76923,
      0.85714,
      1.0,
      1.0,
      0.88,
      0.875,
      0.96552,
      0.95652,
      0.91304,
      0.90909,
      0.91304,
      0.83333,
      0.88,
      0.85,
      0.86364,
      0.90476,
      0.81818,
      0.8,
      0.90323,
      0.73913,
      1.0,
      0.84211,
      0.76,
      0.75,
      0.92,
      0.86364,
      0.8,
      0.89474,
      0.90323,
      0.95455,
      0.7931,
      0.85714,
      0.73913,
      0.88,
      1.0,
      0.90625,
      0.96296,
      0.9,
      0.89474,
      0.92593,
      0.84211,
      0.96875,
      0.90476,
      0.89474,
      0.84,
      0.91667,
      0.84615,
      0.9,
      0.85,
      0.94118,
      0.74074,
      0.95455,
      0.88462,
      0.94118,
      0.82609,
      0.95833,
      0.86207,
      1.0,
      0.82609,
      0.96154,
      0.68182,
      1.0,
      0.63636,
      1.0,
      0.74074,
      1.0,
      0.84615,
      0.96296,
      0.7037,
      1.0,
      0.61538,
      0.96154,
      0.88,
      1.0,
      1.0,
      0.88889,
      0.83333,
      0.86364,
      0.92308,
      0.90476,
      0.77273,
      0.94444,
      0.88,
      0.65217,
      0.85185,
      0.96,
      0.86957,
      0.85185,
      0.83333,
      0.90909,
      0.69565,
      0.93333,
      0.91667,
      1.0,
      0.86957,
      0.90909,
      0.77273,
      0.82609,
      0.88889,
      0.90476,
      0.95238,
      0.72222,
      0.8,
      0.73077,
      0.88462,
      1.0,
      0.83333,
      0.95652,
      0.84,
      0.73333,
      0.92857,
      0.8,
      0.84,
      0.86364,
      0.82759,
      0.9,
      0.96774,
      0.85,
      0.86364,
      0.88462,
      0.75,
      0.90476,
      0.76923,
      0.9,
      0.90323,
      0.93333,
      0.8,
      0.92857,
      0.90909,
      0.85714,
      0.72727,
      0.90476,
      0.77778,
      0.77778,
      0.93103,
      0.88889,
      0.85185,
      0.77778,
      0.7619,
      0.93548,
      1.0,
      0.96,
      0.91667,
      0.86364,
      0.92857,
      0.85185,
      0.85185,
      0.81481,
      0.69565,
      0.79167,
      0.81481,
      0.89286,
      0.92308,
      0.9,
      0.83333,
      0.86957,
      0.78261,
      0.88889,
      0.86364,
      0.86364,
      0.9,
      0.85185,
      0.73684,
      0.80952,
      0.86207,
      0.9,
      0.85,
      0.9375,
      0.80952,
      0.85294,
      0.90476
    ],
    "per_class_val_last": [
      0.04,
      0.5,
      0.0,
      0.72,
      0.04,
      0.32,
      0.05882,
      0.28571,
      0.125,
      0.45,
      0.04545,
      0.54545,
      0.12,
      0.26667,
      0.06897,
      0.68421,
      0.04,
      0.47059,
      0.07143,
      0.37037,
      0.10526,
      0.51852,
      0.07692,
      0.31818,
      0.05,
      0.41667,
      0.14815,
      0.52174,
      0.16667,
      0.47368,
      0.08,
      0.32,
      0.19231,
      0.36,
      0.08333,
      0.30435,
      0.14286,
      0.26923,
      0.22222,
      0.30769,
      0.30435,
      0.52941,
      0.4,
      0.2069,
      0.2069,
      0.21739,
      0.3125,
      0.21739,
      0.23077,
      0.32143,
      0.2069,
      0.29412,
      0.26923,
      0.10526,
      0.45,
      0.12,
      0.26087,
      0.3,
      0.5,
      0.14286,
      0.25,
      0.13793,
      0.38095,
      0.24138,
      0.4375,
      0.11111,
      0.31034,
      0.17391,
      0.41667,
      0.18182,
      0.25,
      0.10714,
      0.41935,
      0.2381,
      0.34615,
      0.09091,
      0.64286,
      0.12,
      0.5,
      0.10526,
      0.36364,
      0.08,
      0.45455,
      0.0,
      0.24138,
      0.07692,
      0.52174,
      0.04762,
      0.54545,
      0.04545,
      0.47619,
      0.0,
      0.59091,
      0.0,
      0.63636,
      0.0,
      0.5,
      0.78378,
      0.13333,
      0.16667,
      0.26923,
      0.09091,
      0.11111,
      0.11538,
      0.23333,
      0.26087,
      0.2,
      0.14286,
      0.26087,
      0.32,
      0.2381,
      0.5,
      0.26923,
      0.12,
      0.22222,
      0.25,
      0.20833,
      0.24,
      0.15385,
      0.23077,
      0.32,
      0.20513,
      0.14815,
      0.22222,
      0.26667,
      0.21429,
      0.22727,
      0.27273,
      0.14286,
      0.25,
      0.2,
      0.21739,
      0.22222,
      0.05882,
      0.15152,
      0.21739,
      0.30769,
      0.26316,
      0.35714,
      0.29412,
      0.21429,
      0.23077,
      0.36364,
      0.29167,
      0.14815,
      0.18182,
      0.39286,
      0.23529,
      0.38889,
      0.38889,
      0.45,
      0.11538,
      0.3,
      0.19231,
      0.33333,
      0.16667,
      0.2,
      0.26316,
      0.26667,
      0.2381,
      0.42857,
      0.25926,
      0.17647,
      0.25,
      0.3913,
      0.25,
      0.38462,
      0.4,
      0.33333,
      0.28571,
      0.19048,
      0.16,
      0.29167,
      0.2381,
      0.3,
      0.18182,
      0.32143,
      0.25,
      0.28,
      0.24,
      0.33333,
      0.19231,
      0.23077,
      0.21429,
      0.33333,
      0.17241,
      0.14815,
      0.26316,
      0.39286,
      0.17857,
      0.15625,
      0.25926,
      0.5,
      0.22222
    ],