{
  "summary_row": {
    "path": "!previous_results\\categorical_2rule_lr_wd_test\\add_or_mul_p97_wd1.0_lr0.001_d128_l2_tf0.5_cat_c_rc2_ep3000.json",
    "operation": "add_or_mul",
    "p": 97,
    "rule_count": 2,
    "num_classes": 194,
    "branch_metric": "b_parity",
    "branch_label_1": "odd",
    "branch_label_2": "even",
    "last_log_epoch": 3000,
    "train_acc_last": 0.8728741407394409,
    "val_acc_last": 0.2544102072715759,
    "train_acc_mean_logs": 0.8553642178575198,
    "val_acc_mean_logs": 0.24712008063991864,
    "train_branch1_last": 0.8602786064147949,
    "train_branch2_last": 0.8856530785560608,
    "val_branch1_last": 0.25317010283470154,
    "val_branch2_last": 0.25558313727378845,
    "rule0_macro_train_last": 0.8603420618556701,
    "rule0_macro_val_last": 0.2601115463917526,
    "rule0_micro_train_last": 0.8602787547488393,
    "rule0_micro_val_last": 0.25317002186270215,
    "rule1_macro_train_last": 0.884649587628866,
    "rule1_macro_val_last": 0.25090525773195876,
    "rule1_micro_train_last": 0.8856528265524624,
    "rule1_micro_val_last": 0.2555837096774194,
    "macro_mean_over_rules_train": 0.8724958247422681,
    "macro_mean_over_rules_val": 0.25550840206185566,
    "micro_mean_over_rules_train": 0.8729657906506508,
    "micro_mean_over_rules_val": 0.2543768657700608
  },
  "per_class": {
    "path": "!previous_results\\categorical_2rule_lr_wd_test\\add_or_mul_p97_wd1.0_lr0.001_d128_l2_tf0.5_cat_c_rc2_ep3000.json",
    "operation": "add_or_mul",
    "p": 97,
    "rule_count": 2,
    "last_log_epoch": 3000,
    "per_class_train_last": [
      1.0,
      1.0,
      1.0,
      0.95652,
      1.0,
      0.95652,
      0.87097,
      0.95,
      0.59375,
      0.92857,
      0.80769,
      1.0,
      0.47826,
      1.0,
      0.73684,
      0.96552,
      0.95652,
      1.0,
      0.8,
      1.0,
      0.82759,
      0.95238,
      0.40909,
      0.73077,
      0.78571,
      0.91667,
      0.80952,
      0.96,
      0.83333,
      1.0,
      0.91304,
      0.86957,
      1.0,
      1.0,
      0.66667,
      0.96,
      0.65,
      0.68182,
      0.85714,
      0.81818,
      0.72,
      1.0,
      1.0,
      0.89474,
      0.84211,
      0.76,
      0.78125,
      0.84,
      0.81818,
      0.7,
      0.73684,
      0.93548,
      1.0,
      0.68966,
      0.92857,
      0.78261,
      0.64,
      0.89286,
      0.84375,
      0.92593,
      0.95,
      0.78947,
      0.77778,
      0.89474,
      0.875,
      0.7619,
      1.0,
      0.88,
      0.91667,
      0.92308,
      0.8,
      0.9,
      0.94118,
      0.62963,
      0.81818,
      0.76923,
      0.91176,
      0.86957,
      0.91667,
      0.7931,
      1.0,
      0.73913,
      0.92308,
      0.81818,
      1.0,
      0.90909,
      0.96,
      0.59259,
      0.96154,
      0.92308,
      0.92593,
      0.59259,
      0.96154,
      0.69231,
      0.96154,
      1.0,
      1.0,
      0.88732,
      0.77778,
      0.875,
      0.81818,
      0.92308,
      0.90476,
      0.90909,
      0.83333,
      0.92,
      0.86957,
      0.88889,
      0.92,
      0.91304,
      0.88889,
      0.86667,
      0.95455,
      0.95652,
      0.93333,
      0.875,
      0.91667,
      0.91304,
      0.95455,
      0.95455,
      0.95652,
      1.0,
      0.95238,
      0.7619,
      0.94444,
      0.95,
      0.69231,
      0.92308,
      0.9,
      0.91667,
      0.95652,
      0.8,
      1.0,
      1.0,
      0.8,
      0.8,
      0.86364,
      0.82759,
      0.9,
      0.96774,
      0.85,
      0.86364,
      0.96154,
      1.0,
      0.90476,
      0.80769,
      0.95,
      0.80645,
      0.86667,
      0.73333,
      0.96429,
      0.95455,
      0.92857,
      1.0,
      0.85714,
      0.83333,
      0.61111,
      1.0,
      1.0,
      0.81481,
      0.81481,
      0.7619,
      0.93548,
      0.91667,
      0.96,
      0.875,
      0.95455,
      0.96429,
      0.85185,
      1.0,
      0.96296,
      0.65217,
      0.83333,
      0.85185,
      0.92857,
      0.88462,
      0.8,
      0.95833,
      1.0,
      0.6087,
      0.92593,
      0.63636,
      0.90909,
      0.9,
      0.88889,
      0.78947,
      0.66667,
      0.93103,
      1.0,
      0.95,
      0.875,
      0.80952,
      0.88235,
      0.85714
    ],
    "per_class_val_last": [
      0.0,
      0.5,
      0.0,
      0.72,
      0.04,
      0.32,
      0.05882,
      0.28571,
      0.125,
      0.45,
      0.04545,
      0.54545,
      0.12,
      0.26667,
      0.06897,
      0.68421,
      0.04,
      0.47059,
      0.07143,
      0.37037,
      0.10526,
      0.44444,
      0.07692,
      0.31818,
      0.05,
      0.41667,
      0.14815,
      0.52174,
      0.125,
      0.42105,
      0.08,
      0.32,
      0.19231,
      0.36,
      0.08333,
      0.30435,
      0.14286,
      0.26923,
      0.22222,
      0.30769,
      0.30435,
      0.52941,
      0.4,
      0.13793,
      0.2069,
      0.21739,
      0.3125,
      0.21739,
      0.23077,
      0.32143,
      0.2069,
      0.29412,
      0.26923,
      0.10526,
      0.45,
      0.12,
      0.26087,
      0.3,
      0.5,
      0.14286,
      0.25,
      0.13793,
      0.28571,
      0.2069,
      0.4375,
      0.11111,
      0.31034,
      0.17391,
      0.41667,
      0.18182,
      0.25,
      0.10714,
      0.35484,
      0.14286,
      0.34615,
      0.09091,
      0.64286,
      0.12,
      0.5,
      0.10526,
      0.36364,
      0.08,
      0.45455,
      0.0,
      0.24138,
      0.07692,
      0.52174,
      0.04762,
      0.45455,
      0.09091,
      0.38095,
      0.0,
      0.59091,
      0.0,
      0.63636,
      0.0,
      0.5,
      0.75676,
      0.13333,
      0.16667,
      0.26923,
      0.09091,
      0.11111,
      0.11538,
      0.23333,
      0.26087,
      0.2,
      0.14286,
      0.26087,
      0.32,
      0.2381,
      0.38889,
      0.26923,
      0.12,
      0.22222,
      0.25,
      0.20833,
      0.24,
      0.15385,
      0.23077,
      0.32,
      0.20513,
      0.14815,
      0.22222,
      0.26667,
      0.21429,
      0.22727,
      0.27273,
      0.14286,
      0.25,
      0.2,
      0.21739,
      0.22222,
      0.05882,
      0.15152,
      0.21739,
      0.30769,
      0.26316,
      0.35714,
      0.29412,
      0.21429,
      0.23077,
      0.36364,
      0.29167,
      0.14815,
      0.18182,
      0.39286,
      0.23529,
      0.38889,
      0.38889,
      0.45,
      0.11538,
      0.3,
      0.19231,
      0.33333,
      0.16667,
      0.2,
      0.26316,
      0.26667,
      0.2381,
      0.42857,
      0.25926,
      0.17647,
      0.25,
      0.3913,
      0.25,
      0.38462,
      0.4,
      0.33333,
      0.28571,
      0.19048,
      0.16,
      0.29167,
      0.2381,
      0.3,
      0.18182,
      0.32143,
      0.25,
      0.28,
      0.16,
      0.2381,
      0.19231,
      0.23077,
      0.21429,
      0.33333,
      0.17241,
      0.14815,
      0.26316,
      0.39286,
      0.17857,
      0.15625,
      0.25926,
      0.5,
      0.22222
    ],