{
  "summary_row": {
    "path": "!previous_results\\categorical_2_rule_group_count\\add_or_mul_p97_wd1.0_lr0.001_d128_l2_tf0.5_cat_c_ep5000.json",
    "operation": "add_or_mul",
    "p": 97,
    "rule_count": 1,
    "num_classes": 97,
    "branch_metric": "b_parity",
    "branch_label_1": "odd",
    "branch_label_2": "even",
    "last_log_epoch": 5000,
    "train_acc_last": 0.8735119104385376,
    "val_acc_last": 0.2597236931324005,
    "train_acc_mean_logs": 0.8580633446574211,
    "val_acc_mean_logs": 0.25342400930821896,
    "train_branch1_last": 0.8792739510536194,
    "train_branch2_last": 0.8676659464836121,
    "val_branch1_last": 0.2592916488647461,
    "val_branch2_last": 0.2601323425769806,
    "rule0_macro_train_last": 0.8746980412371134,
    "rule0_macro_val_last": 0.2580524742268041,
    "rule0_micro_train_last": 0.8735118707482992,
    "rule0_micro_val_last": 0.2597236748140275,
    "macro_mean_over_rules_train": 0.8746980412371134,
    "macro_mean_over_rules_val": 0.2580524742268041,
    "micro_mean_over_rules_train": 0.8735118707482992,
    "micro_mean_over_rules_val": 0.2597236748140275
  },
  "per_class": {
    "path": "!previous_results\\categorical_2_rule_group_count\\add_or_mul_p97_wd1.0_lr0.001_d128_l2_tf0.5_cat_c_ep5000.json",
    "operation": "add_or_mul",
    "p": 97,
    "rule_count": 1,
    "last_log_epoch": 5000,
    "per_class_train_last": [
      0.8617,
      0.91304,
      0.88,
      0.95556,
      0.95918,
      0.93182,
      0.79245,
      0.89474,
      0.70175,
      0.90196,
      0.71698,
      0.92157,
      0.67391,
      0.93333,
      0.87755,
      1.0,
      0.84783,
      0.91803,
      0.86364,
      0.88889,
      0.61538,
      1.0,
      0.72727,
      0.97959,
      0.72973,
      0.97778,
      0.88095,
      0.90698,
      0.90909,
      0.87273,
      0.85714,
      0.95349,
      0.86957,
      0.91304,
      0.93878,
      0.74545,
      0.82353,
      0.83784,
      0.82609,
      0.93182,
      0.92593,
      0.98039,
      0.94444,
      0.94872,
      0.97561,
      0.78431,
      0.76786,
      0.95652,
      0.85417,
      0.925,
      0.8,
      0.93443,
      0.90385,
      0.84211,
      0.88,
      0.86275,
      0.85106,
      0.91837,
      0.76,
      0.82222,
      0.85714,
      0.97297,
      0.88889,
      0.84783,
      0.92453,
      0.92308,
      0.90698,
      0.94,
      0.83333,
      0.95833,
      0.9375,
      0.93617,
      0.86364,
      0.7963,
      0.75556,
      0.76,
      0.86885,
      0.90196,
      0.88,
      0.79592,
      0.94,
      0.91304,
      0.89796,
      0.73469,
      0.82927,
      0.88636,
      0.97778,
      0.96296,
      0.84444,
      0.74468,
      0.92857,
      0.80851,
      0.97826,
      0.88095,
      0.89362,
      0.79661,
      0.91111
    ],
    "per_class_val_last": [
      0.59596,
      0.28,
      0.08696,
      0.4902,
      0.06383,
      0.21154,
      0.11628,
      0.25862,
      0.20513,
      0.31111,
      0.09302,
      0.4,
      0.24,
      0.2549,
      0.23404,
      0.44444,
      0.1,
      0.34286,
      0.15385,
      0.29412,
      0.15909,
      0.33962,
      0.17308,
      0.31915,
      0.15254,
      0.27451,
      0.18519,
      0.37736,
      0.17308,
      0.31707,
      0.17021,
      0.22642,
      0.22,
      0.28,
      0.14894,
      0.29268,
      0.09677,
      0.20339,
      0.24,
      0.30769,
      0.28571,
      0.42222,
      0.30952,
      0.19298,
      0.21818,
      0.28889,
      0.3,
      0.2,
      0.22917,
      0.35714,
      0.21739,
      0.34286,
      0.31818,
      0.30769,
      0.28261,
      0.2,
      0.22449,
      0.31915,
      0.28261,
      0.17647,
      0.25532,
      0.20339,
      0.2619,
      0.36,
      0.32558,
      0.15909,
      0.28302,
      0.28261,
      0.33333,
      0.29167,
      0.3125,
      0.2449,
      0.32692,
      0.16667,
      0.2549,
      0.19565,
      0.4,
      0.2,
      0.34783,
      0.25532,
      0.30435,
      0.18,
      0.29787,
      0.10638,
      0.21818,
      0.17308,
      0.35294,
      0.21429,
      0.29412,
      0.10204,
      0.325,
      0.22449,
      0.36,
      0.11111,
      0.42857,
      0.21622,
      0.35294
    ],
    "per_class_train_support": [
      94,
      46,
      50,
      45,
      49,
      44,
      53,
      38,
      57,
      51,
      53,
      51,
      46,
      45,
      49,
      51,
      46,
      61,
      44,
      45,
      52,
      43,
      44,
      49,
      37,
      45,
      42,
      43,
      44,
      55,
      49,
      43,
      46,
      46,
      49,
      55,
      34,
      37,
      46,
      44,
      54,
      51,
      54,
      39,
      41,
      51,
      56,
      46,
      48,
      40,
      50,
      61,
      52,
      57,
      50,
      51,
      47,
      49,
      50,
      45,
      49,
      37,
      54,
      46,
      53,
      52,
      43,
      50,
      48,
      48,
      48,
      47,
      44,
      54,
      45,
      50,
      61,
      51,
      50,
      49,
      50,
      46,
      49,
      49,
      41,
      44,
      45,
      54,
      45,
      47,
      56,
      47,
      46,
      42,
      47,
      59,
      45
    ],
    "per_class_val_support": [
      99,
      50,
      46,
      51,
      47,
      52,
      43,
      58,
      39,
      45,
      43,
      45,
      50,
      51,
      47,
      45,
      50,
      35,
      52,
      51,
      44,
      53,
      52,
      47,
      59,
      51,
      54,
      53,
      52,
      41,
      47,
      53,
      50,
      50,
      47,
      41,
      62,
      59,
      50,
      52,
      42,
      45,
      42,
      57,
      55,
      45,
      40,
      50,
      48,
      56,
      46,
      35,
      44,
      39,
      46,
      45,
      49,
      47,
      46,
      51,
      47,
      59,
      42,
      50,
      43,
      44,
      53,
      46,
      48,
      48,
      48,
      49,
      52,
      42,
      51,
      46,
      35,
      45,
      46,
      47,
      46,
      50,
      47,
      47,
      55,
      52,
      51,
      42,
      51,
      49,
      40,
      49,
      50,
      54,
      49,
      37,
      51
    ]
  }
}