{
  "summary_row": {
    "path": "!previous_results\\category_2rule_similar\\add_or_add_1_p97_wd1.0_lr0.001_d128_l2_tf0.5_cat_c_ep5000.json",
    "operation": "add_or_add_1",
    "p": 97,
    "rule_count": 1,
    "num_classes": 97,
    "branch_metric": "b_parity",
    "branch_label_1": "odd",
    "branch_label_2": "even",
    "last_log_epoch": 5000,
    "train_acc_last": 0.8728741407394409,
    "val_acc_last": 0.6263549327850342,
    "train_acc_mean_logs": 0.8556802627444268,
    "val_acc_mean_logs": 0.5123910597339273,
    "train_branch1_last": 0.8260869979858398,
    "train_branch2_last": 0.9203425645828247,
    "val_branch1_last": 0.6086576581001282,
    "val_branch2_last": 0.643093466758728,
    "rule0_macro_train_last": 0.873539793814433,
    "rule0_macro_val_last": 0.627140412371134,
    "rule0_micro_train_last": 0.8728743473639458,
    "rule0_micro_val_last": 0.626355464399575,
    "macro_mean_over_rules_train": 0.873539793814433,
    "macro_mean_over_rules_val": 0.627140412371134,
    "micro_mean_over_rules_train": 0.8728743473639458,
    "micro_mean_over_rules_val": 0.626355464399575
  },
  "per_class": {
    "path": "!previous_results\\category_2rule_similar\\add_or_add_1_p97_wd1.0_lr0.001_d128_l2_tf0.5_cat_c_ep5000.json",
    "operation": "add_or_add_1",
    "p": 97,
    "rule_count": 1,
    "last_log_epoch": 5000,
    "per_class_train_last": [
      0.88889,
      0.90909,
      1.0,
      0.72,
      0.79245,
      1.0,
      0.75,
      1.0,
      0.65385,
      0.98182,
      0.82456,
      1.0,
      0.7037,
      0.95556,
      1.0,
      0.85714,
      0.89796,
      0.9434,
      0.92,
      0.85366,
      0.83019,
      0.84906,
      0.875,
      0.73077,
      0.73684,
      0.95833,
      0.91111,
      0.875,
      0.90385,
      0.96154,
      0.88095,
      0.92857,
      1.0,
      0.77083,
      0.82692,
      0.87234,
      0.79592,
      0.84444,
      0.7907,
      0.90196,
      1.0,
      0.80769,
      0.97778,
      0.75556,
      1.0,
      0.76596,
      0.85,
      0.85714,
      0.95652,
      0.77273,
      0.89362,
      0.84746,
      0.90476,
      1.0,
      0.82692,
      0.66667,
      1.0,
      0.75,
      1.0,
      0.71739,
      0.94444,
      0.81579,
      1.0,
      0.71429,
      1.0,
      0.82353,
      0.9,
      0.775,
      1.0,
      0.79167,
      0.90244,
      0.825,
      1.0,
      0.73585,
      1.0,
      0.76471,
      0.98113,
      0.87273,
      0.86364,
      0.8,
      1.0,
      1.0,
      0.82,
      0.76744,
      1.0,
      0.68182,
      0.98148,
      0.79245,
      0.94118,
      0.79592,
      0.94444,
      0.73585,
      1.0,
      0.83333,
      0.91667,
      1.0,
      0.76596
    ],
    "per_class_val_last": [
      0.55769,
      0.64286,
      0.67347,
      0.59574,
      0.52273,
      0.66667,
      0.65854,
      0.55769,
      0.68889,
      0.59524,
      0.6,
      0.53061,
      0.5814,
      0.76923,
      0.54717,
      0.66667,
      0.47917,
      0.56818,
      0.48936,
      0.73214,
      0.63636,
      0.63636,
      0.73469,
      0.66667,
      0.8,
      0.53061,
      0.59615,
      0.63158,
      0.68889,
      0.55556,
      0.65455,
      0.45455,
      0.71154,
      0.59184,
      0.71111,
      0.52,
      0.72917,
      0.67308,
      0.72222,
      0.56522,
      0.76744,
      0.6,
      0.55769,
      0.57692,
      0.59615,
      0.68,
      0.72973,
      0.5,
      0.60784,
      0.67925,
      0.64,
      0.68421,
      0.61818,
      0.61364,
      0.66667,
      0.55769,
      0.68889,
      0.7561,
      0.60417,
      0.68627,
      0.65574,
      0.57627,
      0.64,
      0.6,
      0.66667,
      0.56522,
      0.64912,
      0.66667,
      0.64706,
      0.69388,
      0.58929,
      0.64912,
      0.65455,
      0.59091,
      0.69388,
      0.73913,
      0.45455,
      0.52381,
      0.62264,
      0.70213,
      0.58696,
      0.5098,
      0.70213,
      0.51852,
      0.74074,
      0.58491,
      0.69767,
      0.68182,
      0.56522,
      0.625,
      0.5814,
      0.65909,
      0.59574,
      0.69388,
      0.55102,
      0.61364,
      0.6
    ],
    "per_class_train_support": [
      45,
      55,
      48,
      50,
      53,
      46,
      56,
      45,
      52,
      55,
      57,
      48,
      54,
      45,
      44,
      49,
      49,
      53,
      50,
      41,
      53,
      53,
      48,
      52,
      57,
      48,
      45,
      40,
      52,
      52,
      42,
      42,
      45,
      48,
      52,
      47,
      49,
      45,
      43,
      51,
      54,
      52,
      45,
      45,
      45,
      47,
      60,
      49,
      46,
      44,
      47,
      59,
      42,
      53,
      52,
      45,
      52,
      56,
      49,
      46,
      36,
      38,
      47,
      42,
      55,
      51,
      40,
      40,
      46,
      48,
      41,
      40,
      42,
      53,
      48,
      51,
      53,
      55,
      44,
      50,
      51,
      46,
      50,
      43,
      43,
      44,
      54,
      53,
      51,
      49,
      54,
      53,
      50,
      48,
      48,
      53,
      47
    ],
    "per_class_val_support": [
      52,
      42,
      49,
      47,
      44,
      51,
      41,
      52,
      45,
      42,
      40,
      49,
      43,
      52,
      53,
      48,
      48,
      44,
      47,
      56,
      44,
      44,
      49,
      45,
      40,
      49,
      52,
      57,
      45,
      45,
      55,
      55,
      52,
      49,
      45,
      50,
      48,
      52,
      54,
      46,
      43,
      45,
      52,
      52,
      52,
      50,
      37,
      48,
      51,
      53,
      50,
      38,
      55,
      44,
      45,
      52,
      45,
      41,
      48,
      51,
      61,
      59,
      50,
      55,
      42,
      46,
      57,
      57,
      51,
      49,
      56,
      57,
      55,
      44,
      49,
      46,
      44,
      42,
      53,
      47,
      46,
      51,
      47,
      54,
      54,
      53,
      43,
      44,
      46,
      48,
      43,
      44,
      47,
      49,
      49,
      44,
      50
    ]
  }
}