{
  "summary": {
    "operation": "add",
    "p": 97,
    "train_frac": 0.5,
    "max_train_samples": null,
    "input_format": "a_op_b_eq",
    "weight_decay": 1.0,
    "lr": 0.001,
    "d_model": 128,
    "num_layers": 2,
    "memo_epoch": null,
    "grok_epoch": 2700,
    "grok_gap": null,
    "elapsed_sec": 1832.9
  },
  "log_epochs": [
    50,
    100,
    150,
    200,
    250,
    300,
    350,
    400,
    450,
    500,
    550,
    600,
    650,
    700,
    750,
    800,
    850,
    900,
    950,
    1000,
    1050,
    1100,
    1150,
    1200,
    1250,
    1300,
    1350,
    1400,
    1450,
    1500,
    1550,
    1600,
    1650,
    1700,
    1750,
    1800,
    1850,
    1900,
    1950,
    2000,
    2050,
    2100,
    2150,
    2200,
    2250,
    2300,
    2350,
    2400,
    2450,
    2500,
    2550,
    2600,
    2650,
    2700,
    2750,
    2800,
    2850,
    2900,
    2950,
    3000,
    3050,
    3100,
    3150,
    3200,
    3250,
    3300,
    3350,
    3400,
    3450,
    3500,
    3550,
    3600,
    3650,
    3700,
    3750,
    3800,
    3850,
    3900,
    3950,
    4000,
    4050,
    4100,
    4150,
    4200,
    4250,
    4300,
    4350,
    4400,
    4450,
    4500,
    4550,
    4600,
    4650,
    4700,
    4750,
    4800,
    4850,
    4900,
    4950,
    5000
  ],
  "train_accs": [
    0.39838436245918274,
    0.9481292366981506,
    0.9774659872055054,
    0.9774659872055054,
    0.9774659872055054,
    0.9774659872055054,
    0.9774659872055054,
    0.9774659872055054,
    0.9774659872055054,
    0.9693877696990967,
    0.9774659872055054,
    0.9774659872055054,
    0.9774659872055054,
    0.9774659872055054,
    0.9774659872055054,
    0.9774659872055054,
    0.976190447807312,
    0.9774659872055054,
    0.9774659872055054,
    0.9723639488220215,
    0.9774659872055054,
    0.9774659872055054,
    0.9744898080825806,
    0.9774659872055054,
    0.9774659872055054,
    0.9657738208770752,
    0.9774659872055054,
    0.9774659872055054,
    0.9774659872055054,
    0.9774659872055054,
    0.9774659872055054,
    0.9774659872055054,
    0.9774659872055054,
    0.7164115905761719,
    0.9774659872055054,
    0.9774659872055054,
    0.9215561151504517,
    0.9774659872055054,
    0.9774659872055054,
    0.975977897644043,
    0.9774659872055054,
    0.9774659872055054,
    0.9774659872055054,
    0.9774659872055054,
    0.9774659872055054,
    0.9774659872055054,
    0.9774659872055054,
    0.9774659872055054,
    0.9774659872055054,
    0.9774659872055054,
    0.9774659872055054,
    0.9774659872055054,
    0.9774659872055054,
    0.9774659872055054,
    0.9774659872055054,
    0.9774659872055054,
    0.9774659872055054,
    0.9774659872055054,
    0.38350340723991394,
    0.9774659872055054,
    0.9774659872055054,
    0.9774659872055054,
    0.9774659872055054,
    0.9774659872055054,
    0.9766156673431396,
    0.9774659872055054,
    0.9774659872055054,
    0.9774659872055054,
    0.9774659872055054,
    0.9774659872055054,
    0.9774659872055054,
    0.9774659872055054,
    0.9774659872055054,
    0.9774659872055054,
    0.9774659872055054,
    0.9774659872055054,
    0.9774659872055054,
    0.9774659872055054,
    0.9774659872055054,
    0.9774659872055054,
    0.9774659872055054,
    0.9774659872055054,
    0.9774659872055054,
    0.9755527377128601,
    0.9774659872055054,
    0.9774659872055054,
    0.9774659872055054,
    0.9604591727256775,
    0.9774659872055054,
    0.9774659872055054,
    0.9774659872055054,
    0.9774659872055054,
    0.9774659872055054,
    0.9774659872055054,
    0.9774659872055054,
    0.9774659872055054,
    0.9766156673431396,
    0.9774659872055054,
    0.9774659872055054,
    0.9774659872055054
  ],
  "val_accs": [
    0.03761955350637436,
    0.445483535528183,
    0.4724760949611664,
    0.4733262360095978,
    0.4733262360095978,
    0.47375133633613586,
    0.4733262360095978,
    0.4729011654853821,
    0.4733262360095978,
    0.46652495861053467,
    0.4729011654853821,
    0.4733262360095978,
    0.47417640686035156,
    0.4733262360095978,
    0.4733262360095978,
    0.47375133633613586,
    0.47183847427368164,
    0.4720510244369507,
    0.4724760949611664,
    0.4684378206729889,
    0.4724760949611664,
    0.4729011654853821,
    0.4697130620479584,
    0.47375133633613586,
    0.47417640686035156,
    0.4643995761871338,
    0.47587671875953674,
    0.47545164823532104,
    0.47502657771110535,
    0.47800213098526,
    0.4771519601345062,
    0.4771519601345062,
    0.4784272015094757,
    0.33411264419555664,
    0.4801275134086609,
    0.4809776842594147,
    0.43634432554244995,
    0.4913921356201172,
    0.4928799271583557,
    0.49521785974502563,
    0.5145589709281921,
    0.5207226276397705,
    0.5343251824378967,
    0.5534537434577942,
    0.5617428421974182,
    0.6125398278236389,
    0.6327311396598816,
    0.6488841772079468,
    0.7290117144584656,
    0.7598299384117126,
    0.7823591828346252,
    0.7859723567962646,
    0.8916046619415283,
    0.9081827998161316,
    0.9160467386245728,
    0.9360255002975464,
    0.9483528137207031,
    0.9494155049324036,
    0.28501594066619873,
    0.9551541209220886,
    0.9638682007789612,
    0.9653559923171997,
    0.9662061929702759,
    0.9653559923171997,
    0.9619553685188293,
    0.9706695079803467,
    0.9721572995185852,
    0.9725823402404785,
    0.9721572995185852,
    0.9685441255569458,
    0.9719447493553162,
    0.9730074405670166,
    0.973645031452179,
    0.9679064750671387,
    0.9725823402404785,
    0.9734325408935547,
    0.9723697900772095,
    0.9734325408935547,
    0.9719447493553162,
    0.9727948904037476,
    0.9732199907302856,
    0.9742826819419861,
    0.973857581615448,
    0.9732199907302856,
    0.9734325408935547,
    0.9734325408935547,
    0.974070131778717,
    0.9785334467887878,
    0.973857581615448,
    0.973645031452179,
    0.9744952321052551,
    0.973857581615448,
    0.9732199907302856,
    0.973857581615448,
    0.973857581615448,
    0.9732199907302856,
    0.973645031452179,
    0.973645031452179,
    0.973645031452179,
    0.974070131778717
  ],