{
  "summary": {
    "operation": "add",
    "p": 97,
    "train_frac": 0.5,
    "max_train_samples": null,
    "input_format": "a_op_b_eq",
    "weight_decay": 1.0,
    "lr": 0.001,
    "d_model": 128,
    "num_layers": 2,
    "memo_epoch": 150,
    "grok_epoch": 2250,
    "grok_gap": 2100,
    "elapsed_sec": 1816.3
  },
  "log_epochs": [
    50,
    100,
    150,
    200,
    250,
    300,
    350,
    400,
    450,
    500,
    550,
    600,
    650,
    700,
    750,
    800,
    850,
    900,
    950,
    1000,
    1050,
    1100,
    1150,
    1200,
    1250,
    1300,
    1350,
    1400,
    1450,
    1500,
    1550,
    1600,
    1650,
    1700,
    1750,
    1800,
    1850,
    1900,
    1950,
    2000,
    2050,
    2100,
    2150,
    2200,
    2250,
    2300,
    2350,
    2400,
    2450,
    2500,
    2550,
    2600,
    2650,
    2700,
    2750,
    2800,
    2850,
    2900,
    2950,
    3000,
    3050,
    3100,
    3150,
    3200,
    3250,
    3300,
    3350,
    3400,
    3450,
    3500,
    3550,
    3600,
    3650,
    3700,
    3750,
    3800,
    3850,
    3900,
    3950,
    4000,
    4050,
    4100,
    4150,
    4200,
    4250,
    4300,
    4350,
    4400,
    4450,
    4500,
    4550,
    4600,
    4650,
    4700,
    4750,
    4800,
    4850,
    4900,
    4950,
    5000
  ],
  "train_accs": [
    0.4130527079105377,
    0.9634353518486023,
    1.0,
    1.0,
    1.0,
    1.0,
    1.0,
    1.0,
    1.0,
    1.0,
    1.0,
    1.0,
    1.0,
    0.7878401279449463,
    1.0,
    1.0,
    1.0,
    1.0,
    1.0,
    1.0,
    0.8652210831642151,
    1.0,
    1.0,
    1.0,
    1.0,
    1.0,
    1.0,
    1.0,
    1.0,
    1.0,
    1.0,
    1.0,
    1.0,
    0.9783163070678711,
    1.0,
    1.0,
    1.0,
    1.0,
    1.0,
    1.0,
    1.0,
    1.0,
    1.0,
    1.0,
    1.0,
    1.0,
    1.0,
    1.0,
    1.0,
    1.0,
    1.0,
    1.0,
    1.0,
    1.0,
    1.0,
    1.0,
    1.0,
    1.0,
    0.9704506993293762,
    1.0,
    1.0,
    1.0,
    1.0,
    1.0,
    1.0,
    1.0,
    1.0,
    1.0,
    1.0,
    1.0,
    1.0,
    1.0,
    1.0,
    1.0,
    1.0,
    1.0,
    1.0,
    1.0,
    0.9997873902320862,
    1.0,
    1.0,
    1.0,
    1.0,
    1.0,
    1.0,
    1.0,
    1.0,
    1.0,
    1.0,
    1.0,
    1.0,
    1.0,
    1.0,
    1.0,
    1.0,
    1.0,
    1.0,
    1.0,
    1.0,
    1.0
  ],
  "val_accs": [
    0.0382571741938591,
    0.4626992642879486,
    0.49798086285591125,
    0.49798086285591125,
    0.49883103370666504,
    0.49755579233169556,
    0.49755579233169556,
    0.49755579233169556,
    0.49755579233169556,
    0.49755579233169556,
    0.49755579233169556,
    0.49840596318244934,
    0.49798086285591125,
    0.34729012846946716,
    0.49883103370666504,
    0.49883103370666504,
    0.49925610423088074,
    0.5001062750816345,
    0.49840596318244934,
    0.49798086285591125,
    0.39532411098480225,
    0.49925610423088074,
    0.49925610423088074,
    0.5001062750816345,
    0.5009564161300659,
    0.5009564161300659,
    0.5022316575050354,
    0.5035068988800049,
    0.5047821402549744,
    0.5073326230049133,
    0.5081827640533447,
    0.5132837295532227,
    0.5120084881782532,
    0.49883103370666504,
    0.5353878736495972,
    0.5349628329277039,
    0.5436769127845764,
    0.5900106430053711,
    0.5980871319770813,
    0.6172157526016235,
    0.7107332348823547,
    0.7821466326713562,
    0.815727949142456,
    0.8667374849319458,
    0.9698193669319153,
    0.9897980690002441,
    0.9961742758750916,
    0.9980871677398682,
    1.0,
    1.0,
    1.0,
    1.0,
    1.0,
    1.0,
    1.0,
    1.0,
    1.0,
    1.0,
    0.9458023309707642,
    1.0,
    1.0,
    1.0,
    1.0,
    1.0,
    1.0,
    1.0,
    1.0,
    1.0,
    1.0,
    1.0,
    1.0,
    1.0,
    1.0,
    1.0,
    1.0,
    1.0,
    1.0,
    1.0,
    1.0,
    1.0,
    1.0,
    1.0,
    1.0,
    1.0,
    1.0,
    1.0,
    1.0,
    1.0,
    1.0,
    1.0,
    1.0,
    1.0,
    1.0,
    1.0,
    1.0,
    1.0,
    1.0,
    1.0,
    1.0,
    1.0
  ],
  "train_losses": [
    3.1356773376464844,
    0.6402926445007324,
    0.08454757928848267,
    0.035545799881219864,
    0.020333334803581238,
    0.06259454041719437,
    0.027022942900657654,
    0.025721115991473198,
    0.019095376133918762,
    0.013557754456996918,
    0.03586076945066452,
    0.030176999047398567,
    0.027898035943508148,
    1.0812628269195557,
    0.04786529392004013,
    0.042416762560606,
    0.03459504246711731,
    0.09047651290893555,
    0.044302891939878464,
    0.039270076900720596,
    0.8797158002853394,
    0.051844190806150436,
    0.045603472739458084,
    0.03683251142501831,
    0.07116756588220596,
    0.05020594596862793,
    0.04177234694361687,
    0.10876345634460449,
    0.05139116197824478,
    0.04299301281571388,
    0.08597064763307571,
    0.04723375663161278,
    0.040452390909194946,
    0.4696258306503296,
    0.05254436656832695,
    0.042679090052843094,
    0.034205131232738495,
    0.04770610108971596,
    0.03598655387759209,
    0.029874179512262344,
    0.11020006239414215,
    0.03745906054973602,
    0.03152727708220482,
    0.027307655662298203,
    0.04121497645974159,
    0.02876409888267517,
    0.023123430088162422,
    0.01683761365711689,
    0.03758108615875244,
    0.023852143436670303,
    0.02157900482416153,
    0.017379408702254295,
    0.012589936144649982,
    0.025775521993637085,
    0.018262142315506935,
    0.017795192077755928,
    0.01522130984812975,
    0.013477937318384647,
    1.3784836530685425,
    0.015697559341788292,
    0.016144391149282455,
    0.01640341244637966,
    0.013658501207828522,
    0.009828220121562481,
    0.03126882016658783,
    0.018097873777151108,
    0.01905832253396511,
    0.01740388758480549,
    0.013357060961425304,
    0.02576083317399025,
    0.018748851493000984,
    0.0186002254486084,
    0.015457249246537685,
    0.011373812332749367,
    0.023462610319256783,
    0.017979351803660393,
    0.01736987568438053,
    0.014156186021864414,
    0.146070659160614,
    0.01942415162920952,
    0.018929073587059975,
    0.016196250915527344,
    0.012401193380355835,
    0.07231856137514114,
    0.015386421233415604,
    0.016402076929807663,
    0.01498155202716589,
    0.011384496465325356,
    0.008178334683179855,
    0.030153309926390648,
    0.015112089924514294,
    0.016053590923547745,
    0.015003287233412266,
    0.011660167016088963,
    0.09719406813383102,
    0.015530236065387726,
    0.016198206692934036,
    0.015058394521474838,
    0.01175268366932869,
    0.008764436468482018
  ],