{
  "summary": {
    "operation": "add",
    "p": 97,
    "train_frac": 0.5,
    "max_train_samples": null,
    "input_format": "a_op_b_eq",
    "weight_decay": 1.0,
    "lr": 0.001,
    "d_model": 128,
    "num_layers": 2,
    "memo_epoch": null,
    "grok_epoch": null,
    "grok_gap": null,
    "elapsed_sec": 1842.7
  },
  "log_epochs": [
    50,
    100,
    150,
    200,
    250,
    300,
    350,
    400,
    450,
    500,
    550,
    600,
    650,
    700,
    750,
    800,
    850,
    900,
    950,
    1000,
    1050,
    1100,
    1150,
    1200,
    1250,
    1300,
    1350,
    1400,
    1450,
    1500,
    1550,
    1600,
    1650,
    1700,
    1750,
    1800,
    1850,
    1900,
    1950,
    2000,
    2050,
    2100,
    2150,
    2200,
    2250,
    2300,
    2350,
    2400,
    2450,
    2500,
    2550,
    2600,
    2650,
    2700,
    2750,
    2800,
    2850,
    2900,
    2950,
    3000,
    3050,
    3100,
    3150,
    3200,
    3250,
    3300,
    3350,
    3400,
    3450,
    3500,
    3550,
    3600,
    3650,
    3700,
    3750,
    3800,
    3850,
    3900,
    3950,
    4000,
    4050,
    4100,
    4150,
    4200,
    4250,
    4300,
    4350,
    4400,
    4450,
    4500,
    4550,
    4600,
    4650,
    4700,
    4750,
    4800,
    4850,
    4900,
    4950,
    5000
  ],
  "train_accs": [
    0.3934949040412903,
    0.9153911471366882,
    0.9326105713844299,
    0.9326105713844299,
    0.9326105713844299,
    0.9326105713844299,
    0.9326105713844299,
    0.9326105713844299,
    0.9326105713844299,
    0.9326105713844299,
    0.9326105713844299,
    0.9326105713844299,
    0.9326105713844299,
    0.9326105713844299,
    0.8835033774375916,
    0.9326105713844299,
    0.9326105713844299,
    0.898809552192688,
    0.9326105713844299,
    0.9326105713844299,
    0.9313350319862366,
    0.9326105713844299,
    0.9326105713844299,
    0.9326105713844299,
    0.9326105713844299,
    0.9326105713844299,
    0.9326105713844299,
    0.9326105713844299,
    0.9326105713844299,
    0.9326105713844299,
    0.8231292366981506,
    0.9326105713844299,
    0.9326105713844299,
    0.9326105713844299,
    0.9326105713844299,
    0.9326105713844299,
    0.9326105713844299,
    0.9326105713844299,
    0.9326105713844299,
    0.9251700639724731,
    0.9326105713844299,
    0.9326105713844299,
    0.9326105713844299,
    0.9326105713844299,
    0.9326105713844299,
    0.9326105713844299,
    0.9326105713844299,
    0.9326105713844299,
    0.9326105713844299,
    0.8148384094238281,
    0.9326105713844299,
    0.9326105713844299,
    0.9258078336715698,
    0.9326105713844299,
    0.9326105713844299,
    0.9326105713844299,
    0.9326105713844299,
    0.8932822942733765,
    0.9326105713844299,
    0.9326105713844299,
    0.9326105713844299,
    0.9326105713844299,
    0.6668792366981506,
    0.9326105713844299,
    0.932823121547699,
    0.9326105713844299,
    0.9326105713844299,
    0.927508533000946,
    0.9326105713844299,
    0.6613520383834839,
    0.9326105713844299,
    0.9326105713844299,
    0.9326105713844299,
    0.9326105713844299,
    0.9326105713844299,
    0.9326105713844299,
    0.6522108912467957,
    0.9326105713844299,
    0.9326105713844299,
    0.9326105713844299,
    0.9326105713844299,
    0.9323979616165161,
    0.9326105713844299,
    0.5676020383834839,
    0.9326105713844299,
    0.9326105713844299,
    0.9326105713844299,
    0.9326105713844299,
    0.9060373902320862,
    0.9326105713844299,
    0.9326105713844299,
    0.9326105713844299,
    0.9326105713844299,
    0.9221938848495483,
    0.9326105713844299,
    0.9326105713844299,
    0.9326105713844299,
    0.9326105713844299,
    0.925382673740387,
    0.9326105713844299
  ],
  "val_accs": [
    0.05377258360385895,
    0.410414457321167,
    0.42380446195602417,
    0.42380446195602417,
    0.42337939143180847,
    0.42380446195602417,
    0.42337939143180847,
    0.42337939143180847,
    0.42422953248023987,
    0.42422953248023987,
    0.42380446195602417,
    0.42380446195602417,
    0.42380446195602417,
    0.42337939143180847,
    0.3853347599506378,
    0.4229542911052704,
    0.4229542911052704,
    0.39766207337379456,
    0.42337939143180847,
    0.42337939143180847,
    0.42189159989356995,
    0.42380446195602417,
    0.42380446195602417,
    0.4229542911052704,
    0.42337939143180847,
    0.42380446195602417,
    0.42380446195602417,
    0.42380446195602417,
    0.42422953248023987,
    0.42337939143180847,
    0.35090330243110657,
    0.42380446195602417,
    0.42465463280677795,
    0.42337939143180847,
    0.42380446195602417,
    0.42337939143180847,
    0.42507970333099365,
    0.42465463280677795,
    0.42465463280677795,
    0.41785335540771484,
    0.42550477385520935,
    0.42592987418174744,
    0.4261423945426941,
    0.4269925653934479,
    0.4248671531677246,
    0.4265674948692322,
    0.4252922534942627,
    0.4274176359176636,
    0.42869287729263306,
    0.3370881974697113,
    0.4265674948692322,
    0.4265674948692322,
    0.42061635851860046,
    0.42550477385520935,
    0.42592987418174744,
    0.42592987418174744,
    0.42592987418174744,
    0.39851221442222595,
    0.42635494470596313,
    0.42678001523017883,
    0.428480327129364,
    0.42954304814338684,
    0.2892667353153229,
    0.4272051155567169,
    0.4289054274559021,
    0.428480327129364,
    0.4297555685043335,
    0.4235919117927551,
    0.4293304979801178,
    0.2867162525653839,
    0.43273115158081055,
    0.43315622210502625,
    0.43400636315345764,
    0.4365568459033966,
    0.44038257002830505,
    0.43995749950408936,
    0.2807651460170746,
    0.4442082941532135,
    0.4450584352016449,
    0.44888415932655334,
    0.4514346420764923,
    0.44760891795158386,
    0.454410195350647,
    0.2588735520839691,
    0.4575982987880707,
    0.45887354016304016,
    0.46780019998550415,
    0.4699256122112274,
    0.454622745513916,
    0.4860786497592926,
    0.4845908582210541,
    0.4950053095817566,
    0.5035068988800049,
    0.4933049976825714,
    0.527523934841156,
    0.5279489755630493,
    0.5504782199859619,
    0.5511158108711243,
    0.5672688484191895,
    0.5880977511405945
  ],