{
  "summary": {
    "operation": "add",
    "p": 97,
    "train_frac": 0.5,
    "max_train_samples": null,
    "input_format": "a_op_b_eq",
    "weight_decay": 1.0,
    "lr": 0.001,
    "d_model": 128,
    "num_layers": 2,
    "memo_epoch": null,
    "grok_epoch": null,
    "grok_gap": null,
    "elapsed_sec": 2035.3
  },
  "log_epochs": [
    50,
    100,
    150,
    200,
    250,
    300,
    350,
    400,
    450,
    500,
    550,
    600,
    650,
    700,
    750,
    800,
    850,
    900,
    950,
    1000,
    1050,
    1100,
    1150,
    1200,
    1250,
    1300,
    1350,
    1400,
    1450,
    1500,
    1550,
    1600,
    1650,
    1700,
    1750,
    1800,
    1850,
    1900,
    1950,
    2000,
    2050,
    2100,
    2150,
    2200,
    2250,
    2300,
    2350,
    2400,
    2450,
    2500,
    2550,
    2600,
    2650,
    2700,
    2750,
    2800,
    2850,
    2900,
    2950,
    3000,
    3050,
    3100,
    3150,
    3200,
    3250,
    3300,
    3350,
    3400,
    3450,
    3500,
    3550,
    3600,
    3650,
    3700,
    3750,
    3800,
    3850,
    3900,
    3950,
    4000,
    4050,
    4100,
    4150,
    4200,
    4250,
    4300,
    4350,
    4400,
    4450,
    4500,
    4550,
    4600,
    4650,
    4700,
    4750,
    4800,
    4850,
    4900,
    4950,
    5000
  ],
  "train_accs": [
    0.3541666567325592,
    0.8554421663284302,
    0.8788265585899353,
    0.8788265585899353,
    0.8788265585899353,
    0.8788265585899353,
    0.8788265585899353,
    0.8788265585899353,
    0.8788265585899353,
    0.8788265585899353,
    0.8788265585899353,
    0.8788265585899353,
    0.8788265585899353,
    0.8788265585899353,
    0.8788265585899353,
    0.8788265585899353,
    0.8788265585899353,
    0.8788265585899353,
    0.8788265585899353,
    0.8386479616165161,
    0.8788265585899353,
    0.8767006993293762,
    0.8788265585899353,
    0.8380101919174194,
    0.8788265585899353,
    0.8711734414100647,
    0.8788265585899353,
    0.7714710831642151,
    0.8788265585899353,
    0.8784013390541077,
    0.8788265585899353,
    0.8788265585899353,
    0.8788265585899353,
    0.8788265585899353,
    0.8788265585899353,
    0.8788265585899353,
    0.8788265585899353,
    0.8788265585899353,
    0.8788265585899353,
    0.8258928656578064,
    0.8788265585899353,
    0.8728741407394409,
    0.8788265585899353,
    0.8788265585899353,
    0.8786139488220215,
    0.8788265585899353,
    0.8518282175064087,
    0.8788265585899353,
    0.8475765585899353,
    0.8788265585899353,
    0.8605442047119141,
    0.8788265585899353,
    0.8754251599311829,
    0.8788265585899353,
    0.8709608912467957,
    0.8788265585899353,
    0.8788265585899353,
    0.8788265585899353,
    0.8784013390541077,
    0.8788265585899353,
    0.8773384094238281,
    0.8788265585899353,
    0.8788265585899353,
    0.8788265585899353,
    0.8786139488220215,
    0.8788265585899353,
    0.8769132494926453,
    0.8788265585899353,
    0.8745748400688171,
    0.8788265585899353,
    0.7778486609458923,
    0.8788265585899353,
    0.8788265585899353,
    0.8788265585899353,
    0.8788265585899353,
    0.8788265585899353,
    0.8788265585899353,
    0.8788265585899353,
    0.8788265585899353,
    0.8788265585899353,
    0.8788265585899353,
    0.8788265585899353,
    0.8788265585899353,
    0.8788265585899353,
    0.8773384094238281,
    0.8788265585899353,
    0.8635203838348389,
    0.8788265585899353,
    0.8788265585899353,
    0.8788265585899353,
    0.8282312750816345,
    0.8788265585899353,
    0.7410714030265808,
    0.8788265585899353,
    0.7329931855201721,
    0.8788265585899353,
    0.8788265585899353,
    0.8788265585899353,
    0.8788265585899353,
    0.8788265585899353
  ],
  "val_accs": [
    0.04463336989283562,
    0.33198726177215576,
    0.34941551089286804,
    0.3500531315803528,
    0.34941551089286804,
    0.34984058141708374,
    0.3502656817436218,
    0.34984058141708374,
    0.34941551089286804,
    0.34984058141708374,
    0.3502656817436218,
    0.34941551089286804,
    0.34899044036865234,
    0.34941551089286804,
    0.3502656817436218,
    0.3502656817436218,
    0.34984058141708374,
    0.34941551089286804,
    0.3502656817436218,
    0.32964929938316345,
    0.34984058141708374,
    0.34856536984443665,
    0.34984058141708374,
    0.32773643732070923,
    0.34941551089286804,
    0.3451647162437439,
    0.34984058141708374,
    0.29373008012771606,
    0.3502656817436218,
    0.3496280610561371,
    0.34984058141708374,
    0.34984058141708374,
    0.34984058141708374,
    0.34984058141708374,
    0.34984058141708374,
    0.34941551089286804,
    0.34941551089286804,
    0.34899044036865234,
    0.34899044036865234,
    0.3173219859600067,
    0.34941551089286804,
    0.34537726640701294,
    0.34899044036865234,
    0.34984058141708374,
    0.34899044036865234,
    0.34941551089286804,
    0.3307120203971863,
    0.34899044036865234,
    0.32731136679649353,
    0.3496280610561371,
    0.33772581815719604,
    0.34899044036865234,
    0.3475026488304138,
    0.349202960729599,
    0.34452709555625916,
    0.349202960729599,
    0.349202960729599,
    0.3502656817436218,
    0.3496280610561371,
    0.34984058141708374,
    0.3483528196811676,
    0.3496280610561371,
    0.3500531315803528,
    0.3500531315803528,
    0.3496280610561371,
    0.3500531315803528,
    0.3487778902053833,
    0.34984058141708374,
    0.3451647162437439,
    0.3504782021045685,
    0.29458022117614746,
    0.3504782021045685,
    0.3504782021045685,
    0.3500531315803528,
    0.34899044036865234,
    0.3500531315803528,
    0.3500531315803528,
    0.3496280610561371,
    0.3496280610561371,
    0.3500531315803528,
    0.3496280610561371,
    0.3496280610561371,
    0.3500531315803528,
    0.3500531315803528,
    0.3483528196811676,
    0.3504782021045685,
    0.3379383683204651,
    0.3500531315803528,
    0.3502656817436218,
    0.3496280610561371,
    0.32284802198410034,
    0.3502656817436218,
    0.2767268717288971,
    0.35090330243110657,
    0.27545166015625,
    0.3504782021045685,
    0.3504782021045685,
    0.35090330243110657,
    0.35132837295532227,
    0.3502656817436218
  ],