{
  "summary": {
    "operation": "add",
    "p": 97,
    "train_frac": 0.5,
    "max_train_samples": null,
    "input_format": "a_op_b_eq",
    "weight_decay": 1.0,
    "lr": 0.001,
    "d_model": 128,
    "num_layers": 2,
    "memo_epoch": null,
    "grok_epoch": 4150,
    "grok_gap": null,
    "elapsed_sec": 1884.4
  },
  "log_epochs": [
    50,
    100,
    150,
    200,
    250,
    300,
    350,
    400,
    450,
    500,
    550,
    600,
    650,
    700,
    750,
    800,
    850,
    900,
    950,
    1000,
    1050,
    1100,
    1150,
    1200,
    1250,
    1300,
    1350,
    1400,
    1450,
    1500,
    1550,
    1600,
    1650,
    1700,
    1750,
    1800,
    1850,
    1900,
    1950,
    2000,
    2050,
    2100,
    2150,
    2200,
    2250,
    2300,
    2350,
    2400,
    2450,
    2500,
    2550,
    2600,
    2650,
    2700,
    2750,
    2800,
    2850,
    2900,
    2950,
    3000,
    3050,
    3100,
    3150,
    3200,
    3250,
    3300,
    3350,
    3400,
    3450,
    3500,
    3550,
    3600,
    3650,
    3700,
    3750,
    3800,
    3850,
    3900,
    3950,
    4000,
    4050,
    4100,
    4150,
    4200,
    4250,
    4300,
    4350,
    4400,
    4450,
    4500,
    4550,
    4600,
    4650,
    4700,
    4750,
    4800,
    4850,
    4900,
    4950,
    5000
  ],
  "train_accs": [
    0.3913690447807312,
    0.9245322942733765,
    0.9557822942733765,
    0.9557822942733765,
    0.9557822942733765,
    0.9557822942733765,
    0.9557822942733765,
    0.9557822942733765,
    0.9557822942733765,
    0.9557822942733765,
    0.9557822942733765,
    0.9557822942733765,
    0.9557822942733765,
    0.9557822942733765,
    0.9528061151504517,
    0.9557822942733765,
    0.9557822942733765,
    0.9549319744110107,
    0.9557822942733765,
    0.9557822942733765,
    0.9557822942733765,
    0.9557822942733765,
    0.9555697441101074,
    0.9557822942733765,
    0.9557822942733765,
    0.9553571343421936,
    0.9557822942733765,
    0.9557822942733765,
    0.9557822942733765,
    0.9557822942733765,
    0.9506802558898926,
    0.9557822942733765,
    0.9557822942733765,
    0.9557822942733765,
    0.9557822942733765,
    0.9553571343421936,
    0.9557822942733765,
    0.706845223903656,
    0.9557822942733765,
    0.9557822942733765,
    0.9557822942733765,
    0.9557822942733765,
    0.9532312750816345,
    0.9557822942733765,
    0.9557822942733765,
    0.9557822942733765,
    0.9557822942733765,
    0.4606717824935913,
    0.9557822942733765,
    0.9557822942733765,
    0.9555697441101074,
    0.9557822942733765,
    0.9557822942733765,
    0.9557822942733765,
    0.9557822942733765,
    0.9557822942733765,
    0.9557822942733765,
    0.6951530575752258,
    0.9557822942733765,
    0.9557822942733765,
    0.9557822942733765,
    0.9557822942733765,
    0.9557822942733765,
    0.9557822942733765,
    0.9557822942733765,
    0.9177296161651611,
    0.9557822942733765,
    0.9557822942733765,
    0.9557822942733765,
    0.9557822942733765,
    0.8883928656578064,
    0.9557822942733765,
    0.9557822942733765,
    0.9519557952880859,
    0.9557822942733765,
    0.9557822942733765,
    0.9557822942733765,
    0.9557822942733765,
    0.45280611515045166,
    0.9557822942733765,
    0.9557822942733765,
    0.9340986609458923,
    0.9557822942733765,
    0.9557822942733765,
    0.9349489808082581,
    0.9557822942733765,
    0.9557822942733765,
    0.9553571343421936,
    0.9557822942733765,
    0.9557822942733765,
    0.9557822942733765,
    0.9557822942733765,
    0.9557822942733765,
    0.9557822942733765,
    0.9557822942733765,
    0.41113945841789246,
    0.9557822942733765,
    0.9557822942733765,
    0.9451530575752258,
    0.9557822942733765
  ],
  "val_accs": [
    0.04314558953046799,
    0.41827842593193054,
    0.4463336765766144,
    0.44675877690315247,
    0.44675877690315247,
    0.44675877690315247,
    0.44718384742736816,
    0.4459086060523987,
    0.4459086060523987,
    0.4459086060523987,
    0.4459086060523987,
    0.4459086060523987,
    0.4459086060523987,
    0.4459086060523987,
    0.44442081451416016,
    0.445483535528183,
    0.445483535528183,
    0.4459086060523987,
    0.445483535528183,
    0.4459086060523987,
    0.4459086060523987,
    0.44675877690315247,
    0.445483535528183,
    0.44675877690315247,
    0.44718384742736816,
    0.4459086060523987,
    0.44675877690315247,
    0.44675877690315247,
    0.44760891795158386,
    0.44718384742736816,
    0.442933052778244,
    0.44675877690315247,
    0.4459086060523987,
    0.44675877690315247,
    0.44718384742736816,
    0.4450584352016449,
    0.44930925965309143,
    0.3041445314884186,
    0.44888415932655334,
    0.44930925965309143,
    0.44803401827812195,
    0.4501594007015228,
    0.4459086060523987,
    0.4501594007015228,
    0.4510095715522766,
    0.4505844712257385,
    0.4527098834514618,
    0.19808714091777802,
    0.4514346420764923,
    0.451859712600708,
    0.4550478160381317,
    0.45653560757637024,
    0.4578108489513397,
    0.4616365432739258,
    0.4603613317012787,
    0.4626992642879486,
    0.4684378206729889,
    0.3177470862865448,
    0.47778958082199097,
    0.47991499304771423,
    0.4937300682067871,
    0.4969181716442108,
    0.4973432421684265,
    0.5202975273132324,
    0.524973452091217,
    0.47056323289871216,
    0.5702444314956665,
    0.5738576054573059,
    0.5989372730255127,
    0.6163655519485474,
    0.5256110429763794,
    0.6794899106025696,
    0.6960679888725281,
    0.7126461267471313,
    0.771094560623169,
    0.7781084179878235,
    0.8097768425941467,
    0.8320935368537903,
    0.27332624793052673,
    0.8680127263069153,
    0.880340039730072,
    0.8488841652870178,
    0.9028692841529846,
    0.9071201086044312,
    0.8962805271148682,
    0.9196599125862122,
    0.9258235692977905,
    0.9126461148262024,
    0.9275239109992981,
    0.9321997761726379,
    0.9292242527008057,
    0.937938392162323,
    0.9394261240959167,
    0.9336875677108765,
    0.9407013654708862,
    0.29819342494010925,
    0.9402763247489929,
    0.9432518482208252,
    0.9415515661239624,
    0.9428268074989319
  ],