{
  "summary_row": {
    "path": "!previous_results\\categorical_2rule_wd_test\\add_or_mul_p97_wd4.0_lr0.001_d128_l2_tf0.5_cat_c_rc2_ep5000.json",
    "operation": "add_or_mul",
    "p": 97,
    "rule_count": 2,
    "num_classes": 194,
    "branch_metric": "b_parity",
    "branch_label_1": "odd",
    "branch_label_2": "even",
    "last_log_epoch": 5000,
    "train_acc_last": 0.8182398080825806,
    "val_acc_last": 0.4707757532596588,
    "train_acc_mean_logs": 0.6983099359273911,
    "val_acc_mean_logs": 0.3538278332538903,
    "train_branch1_last": 0.8712537288665771,
    "train_branch2_last": 0.7644539475440979,
    "val_branch1_last": 0.5509400963783264,
    "val_branch2_last": 0.39495450258255005,
    "rule0_macro_train_last": 0.8656388659793814,
    "rule0_macro_val_last": 0.5614190721649485,
    "rule0_micro_train_last": 0.871253752638244,
    "rule0_micro_val_last": 0.5509404722343683,
    "rule1_macro_train_last": 0.7437807216494845,
    "rule1_macro_val_last": 0.40002494845360825,
    "rule1_micro_train_last": 0.7644538286937901,
    "rule1_micro_val_last": 0.394954458229942,
    "macro_mean_over_rules_train": 0.804709793814433,
    "macro_mean_over_rules_val": 0.48072201030927836,
    "micro_mean_over_rules_train": 0.817853790666017,
    "micro_mean_over_rules_val": 0.47294746523215514
  },
  "per_class": {
    "path": "!previous_results\\categorical_2rule_wd_test\\add_or_mul_p97_wd4.0_lr0.001_d128_l2_tf0.5_cat_c_rc2_ep5000.json",
    "operation": "add_or_mul",
    "p": 97,
    "rule_count": 2,
    "last_log_epoch": 5000,
    "per_class_train_last": [
      0.86957,
      0.96429,
      0.69231,
      0.95652,
      0.78261,
      0.95652,
      0.83871,
      0.9,
      0.84375,
      0.92857,
      0.69231,
      0.92308,
      0.56522,
      0.88889,
      0.68421,
      1.0,
      0.91304,
      0.93548,
      0.75,
      0.80952,
      0.75862,
      0.90476,
      0.77273,
      0.96154,
      0.89286,
      0.83333,
      0.90476,
      0.84,
      0.83333,
      0.96552,
      0.95652,
      0.91304,
      0.86364,
      0.91304,
      0.75,
      0.76,
      0.65,
      0.81818,
      1.0,
      0.86364,
      0.8,
      0.93548,
      0.65217,
      0.73684,
      0.84211,
      0.88,
      0.9375,
      0.88,
      0.86364,
      0.65,
      0.94737,
      0.96774,
      1.0,
      0.93103,
      0.96429,
      0.91304,
      0.8,
      0.92857,
      0.96875,
      0.88889,
      0.9,
      0.89474,
      0.92593,
      0.89474,
      0.9375,
      0.7619,
      1.0,
      0.92,
      1.0,
      0.92308,
      0.9,
      0.65,
      0.58824,
      0.88889,
      1.0,
      1.0,
      1.0,
      0.95652,
      1.0,
      0.7931,
      1.0,
      0.73913,
      0.96154,
      0.90909,
      0.63158,
      0.63636,
      0.96,
      0.66667,
      1.0,
      0.76923,
      1.0,
      0.88889,
      1.0,
      0.73077,
      0.96154,
      0.64,
      1.0,
      1.0,
      0.16667,
      0.875,
      0.81818,
      0.80769,
      0.7619,
      0.63636,
      0.66667,
      0.8,
      0.82609,
      0.77778,
      0.88,
      0.82609,
      0.66667,
      0.93333,
      0.77273,
      0.73913,
      0.83333,
      0.79167,
      0.875,
      0.73913,
      0.95455,
      0.45455,
      0.86957,
      0.11111,
      0.80952,
      0.71429,
      0.61111,
      0.5,
      0.61538,
      0.73077,
      0.85,
      0.91667,
      0.78261,
      0.8,
      0.76667,
      0.64286,
      0.4,
      0.88,
      0.86364,
      0.89655,
      0.8,
      0.93548,
      0.65,
      0.68182,
      0.76923,
      0.75,
      0.85714,
      0.73077,
      0.75,
      0.74194,
      0.73333,
      0.73333,
      0.85714,
      0.54545,
      0.89286,
      0.54545,
      0.71429,
      0.44444,
      0.5,
      0.86207,
      0.66667,
      0.81481,
      0.92593,
      0.61905,
      0.90323,
      0.79167,
      0.92,
      0.70833,
      0.68182,
      0.78571,
      0.81481,
      0.92593,
      0.66667,
      0.65217,
      0.75,
      0.59259,
      0.85714,
      0.84615,
      0.65,
      0.83333,
      0.91304,
      0.69565,
      0.85185,
      0.68182,
      0.95455,
      0.75,
      0.81481,
      0.36842,
      0.42857,
      0.89655,
      0.8,
      0.85,
      0.75,
      0.57143,
      0.79412,
      0.7619
    ],
    "per_class_val_last": [
      0.16,
      1.0,
      0.27273,
      0.96,
      0.16,
      0.96,
      0.23529,
      0.85714,
      0.4375,
      0.9,
      0.31818,
      0.81818,
      0.2,
      0.83333,
      0.27586,
      0.94737,
      0.16,
      0.76471,
      0.21429,
      0.62963,
      0.21053,
      0.62963,
      0.42308,
      0.90909,
      0.7,
      0.45833,
      0.40741,
      0.6087,
      0.54167,
      0.63158,
      0.52,
      0.64,
      0.46154,
      0.6,
      0.45833,
      0.43478,
      0.5,
      0.69231,
      0.62963,
      0.65385,
      0.47826,
      0.76471,
      0.48,
      0.13793,
      0.44828,
      0.73913,
      0.75,
      0.6087,
      0.42308,
      0.57143,
      0.37931,
      0.70588,
      0.61538,
      0.68421,
      0.7,
      0.56,
      0.6087,
      0.6,
      0.875,
      0.71429,
      0.71429,
      0.51724,
      0.71429,
      0.34483,
      0.625,
      0.22222,
      0.65517,
      0.52174,
      0.79167,
      0.45455,
      0.71429,
      0.25,
      0.32258,
      0.42857,
      0.88462,
      0.54545,
      0.78571,
      0.24,
      0.79167,
      0.26316,
      0.90909,
      0.16,
      1.0,
      0.26923,
      0.37931,
      0.26923,
      0.69565,
      0.14286,
      0.90909,
      0.22727,
      0.95238,
      0.47619,
      0.95455,
      0.13636,
      1.0,
      0.13043,
      1.0,
      0.95946,
      0.0,
      0.45833,
      0.53846,
      0.36364,
      0.40741,
      0.38462,
      0.2,
      0.65217,
      0.36,
      0.38095,
      0.52174,
      0.48,
      0.52381,
      0.5,
      0.34615,
      0.36,
      0.33333,
      0.45833,
      0.375,
      0.36,
      0.46154,
      0.34615,
      0.56,
      0.0,
      0.2963,
      0.22222,
      0.26667,
      0.10714,
      0.22727,
      0.31818,
      0.35714,
      0.625,
      0.24,
      0.30435,
      0.5,
      0.02941,
      0.06061,
      0.3913,
      0.38462,
      0.31579,
      0.39286,
      0.41176,
      0.21429,
      0.23077,
      0.59091,
      0.54167,
      0.48148,
      0.5,
      0.42857,
      0.58824,
      0.55556,
      0.5,
      0.6,
      0.07692,
      0.45,
      0.23077,
      0.48148,
      0.1,
      0.1,
      0.57895,
      0.43333,
      0.42857,
      0.7619,
      0.25926,
      0.47059,
      0.16667,
      0.52174,
      0.20833,
      0.5,
      0.5,
      0.47619,
      0.80952,
      0.28571,
      0.28,
      0.66667,
      0.42857,
      0.65,
      0.27273,
      0.25,
      0.41667,
      0.72,
      0.24,
      0.61905,
      0.57692,
      0.57692,
      0.46429,
      0.52381,
      0.06897,
      0.07407,
      0.42105,
      0.60714,
      0.14286,
      0.34375,
      0.44444,
      0.64286,
      0.51852
    ],