{
  "summary": {
    "operation": "add_or_sub",
    "p": 97,
    "train_frac": 0.5,
    "max_train_samples": null,
    "input_format": "a_op_b_eq",
    "weight_decay": 1.0,
    "lr": 0.001,
    "d_model": 128,
    "num_layers": 2,
    "memo_epoch": null,
    "grok_epoch": null,
    "grok_gap": null,
    "elapsed_sec": 26.3
  },
  "log_epochs": [
    50,
    100,
    150,
    200,
    250,
    300,
    350,
    400,
    450,
    500,
    550,
    600,
    650,
    700,
    750,
    800,
    850,
    900,
    950,
    1000
  ],
  "train_accs": [
    0.2536139488220215,
    0.7319302558898926,
    0.8169642686843872,
    0.817176878452301,
    0.817176878452301,
    0.817176878452301,
    0.817176878452301,
    0.817176878452301,
    0.817176878452301,
    0.817176878452301,
    0.817176878452301,
    0.817176878452301,
    0.817176878452301,
    0.817176878452301,
    0.817176878452301,
    0.817176878452301,
    0.817176878452301,
    0.817176878452301,
    0.817176878452301,
    0.817176878452301
  ],
  "val_accs": [
    0.025079701095819473,
    0.12008501589298248,
    0.14877788722515106,
    0.15111583471298218,
    0.15111583471298218,
    0.15154090523719788,
    0.15196599066257477,
    0.1543039232492447,
    0.15324123203754425,
    0.15409138798713684,
    0.1534537672996521,
    0.15557916462421417,
    0.1570669412612915,
    0.1570669412612915,
    0.15812964737415314,
    0.1574920266866684,
    0.15770456194877625,
    0.16089266538619995,
    0.1606801301240921,
    0.1611052006483078
  ],
  "train_odd_accs": [
    0.29674968123435974,
    0.7948501706123352,
    0.8640776872634888,
    0.8758970499038696,
    0.8556352853775024,
    0.8674546480178833,
    0.8573237657546997,
    0.8754749298095703,
    0.9071338176727295,
    0.918531060218811,
    0.8965808749198914,
    0.8644998073577881,
    0.8585901260375977,
    0.8843393921852112,
    0.8649219274520874,
    0.8704094886779785,
    0.8708316087722778,
    0.8615449666976929,
    0.8682988882064819,
    0.8839172720909119
  ],
  "train_even_accs": [
    0.20985010266304016,
    0.6680942177772522,
    0.7691648602485657,
    0.7576016783714294,
    0.77815842628479,
    0.7661669850349426,
    0.7764453887939453,
    0.7580299377441406,
    0.7259100675582886,
    0.7143468856811523,
    0.7366166710853577,
    0.7691648602485657,
    0.775160551071167,
    0.7490363717079163,
    0.7687366008758545,
    0.7631691694259644,
    0.7627408504486084,
    0.7721627354621887,
    0.7653104662895203,
    0.7494646310806274
  ],
  "val_odd_accs": [
    0.04678618535399437,
    0.2278093695640564,
    0.28027984499931335,
    0.2824661135673523,
    0.2807171046733856,
    0.2798425853252411,
    0.28202885389328003,
    0.28465238213539124,
    0.2833406329154968,
    0.28421512246131897,
    0.28202885389328003,
    0.28596416115760803,
    0.28596416115760803,
    0.2868386507034302,
    0.2868386507034302,
    0.2890249192714691,
    0.2890249192714691,
    0.2929602265357971,
    0.29427197575569153,
    0.2916484475135803
  ],
  "val_even_accs": [
    0.0045492141507565975,
    0.01819685660302639,
    0.02440033107995987,
    0.02688172087073326,
    0.028535980731248856,
    0.03019024059176445,
    0.028949545696377754,
    0.031017370522022247,
    0.03019024059176445,
    0.031017370522022247,
    0.031844500452280045,
    0.032258063554763794,
    0.035153020173311234,
    0.034325890243053436,
    0.03639371320605278,
    0.03308519348502159,
    0.03349876031279564,
    0.03598015010356903,
    0.034325890243053436,
    0.037634409964084625
  ],
  "train_losses": [
    3.1717183589935303,
    1.29498291015625,
    0.456855833530426,
    0.33196258544921875,
    0.3148910105228424,
    0.30069684982299805,
    0.3193815350532532,
    0.28776440024375916,
    0.29293814301490784,
    0.2822520434856415,
    0.28384724259376526,
    0.29768699407577515,
    0.29227444529533386,
    0.3008439838886261,
    0.2963077425956726,
    0.30687692761421204,
    0.2972862720489502,
    0.306043803691864,
    0.2990701198577881,
    0.2955871522426605
  ],
  "val_losses": [
    4.436873435974121,
    4.538306713104248,
    5.185665130615234,
    5.6590752601623535,
    5.871631145477295,
    6.000485420227051,
    6.090047359466553,
    6.157960414886475,
    6.193953037261963,
    6.2145795822143555,
    6.203437805175781,
    6.175068378448486,
    6.15382194519043,
    6.123875617980957,
    6.095404148101807,
    6.048121929168701,
    6.002938747406006,
    5.9573283195495605,
    5.9091315269470215,
    5.874110698699951
  ]
}