{
  "summary": {
    "operation": "sub_or_add",
    "p": 97,
    "train_frac": 0.5,
    "max_train_samples": null,
    "input_format": "a_op_b_eq",
    "weight_decay": 1.0,
    "lr": 0.001,
    "d_model": 128,
    "num_layers": 2,
    "memo_epoch": null,
    "grok_epoch": null,
    "grok_gap": null,
    "elapsed_sec": 19.3
  },
  "log_epochs": [
    50,
    100,
    150,
    200,
    250,
    300,
    350,
    400,
    450,
    500,
    550,
    600,
    650,
    700,
    750,
    800,
    850,
    900,
    950,
    1000
  ],
  "train_accs": [
    0.247023805975914,
    0.7317176461219788,
    0.8131377100944519,
    0.8131377100944519,
    0.8131377100944519,
    0.8131377100944519,
    0.8131377100944519,
    0.8131377100944519,
    0.8131377100944519,
    0.8131377100944519,
    0.8131377100944519,
    0.8131377100944519,
    0.8131377100944519,
    0.8131377100944519,
    0.8131377100944519,
    0.8131377100944519,
    0.8131377100944519,
    0.8131377100944519,
    0.8131377100944519,
    0.8131377100944519
  ],
  "val_accs": [
    0.024017002433538437,
    0.11179596185684204,
    0.13751327991485596,
    0.14282678067684174,
    0.1426142305135727,
    0.14516471326351166,
    0.14729011058807373,
    0.14643995463848114,
    0.15111583471298218,
    0.15111583471298218,
    0.15111583471298218,
    0.15069074928760529,
    0.1534537672996521,
    0.1530286818742752,
    0.1534537672996521,
    0.15536662936210632,
    0.15451647341251373,
    0.1579171121120453,
    0.15855471789836884,
    0.15876726806163788
  ],
  "train_odd_accs": [
    0.2106374055147171,
    0.7205572128295898,
    0.7809202075004578,
    0.7766990661621094,
    0.7902068495750427,
    0.7294217348098755,
    0.7408189177513123,
    0.7425073981285095,
    0.7505276799201965,
    0.7779654264450073,
    0.761502742767334,
    0.7488391995429993,
    0.7336428761482239,
    0.7441958785057068,
    0.7176023721694946,
    0.7800760269165039,
    0.782608687877655,
    0.7361755967140198,
    0.7475728392601013,
    0.7783875465393066
  ],
  "train_even_accs": [
    0.28394004702568054,
    0.7430406808853149,
    0.8458243608474731,
    0.8501070737838745,
    0.8364025354385376,
    0.8980727791786194,
    0.8865095973014832,
    0.8847965598106384,
    0.8766595125198364,
    0.8488222360610962,
    0.8655245900154114,
    0.8783725500106812,
    0.8937901258468628,
    0.8830834627151489,
    0.9100642204284668,
    0.8466809391975403,
    0.8441113233566284,
    0.8912205100059509,
    0.8796573877334595,
    0.848393976688385
  ],
  "val_odd_accs": [
    0.0074333189986646175,
    0.013554875738918781,
    0.015741145238280296,
    0.021862702444195747,
    0.02142544835805893,
    0.021862702444195747,
    0.024048972874879837,
    0.024486226961016655,
    0.02579798921942711,
    0.028421513736248016,
    0.028858767822384834,
    0.02754700556397438,
    0.029296021908521652,
    0.028421513736248016,
    0.028421513736248016,
    0.03366856276988983,
    0.030170530080795288,
    0.03235679864883423,
    0.03191954642534256,
    0.03191954642534256
  ],
  "val_even_accs": [
    0.03970223292708397,
    0.20471464097499847,
    0.2526881694793701,
    0.25723740458488464,
    0.25723740458488464,
    0.2617866098880768,
    0.263854444026947,
    0.2617866098880768,
    0.2696443498134613,
    0.267162948846817,
    0.26674938201904297,
    0.267162948846817,
    0.27088502049446106,
    0.27088502049446106,
    0.27171215415000916,
    0.270471453666687,
    0.2721257209777832,
    0.27667495608329773,
    0.27832919359207153,
    0.2787427604198456
  ],
  "train_losses": [
    3.1444239616394043,
    1.3123406171798706,
    0.4626735746860504,
    0.3427135944366455,
    0.3143793046474457,
    0.30656886100769043,
    0.2977130711078644,
    0.2913927733898163,
    0.2969592213630676,
    0.29137006402015686,
    0.30605167150497437,
    0.29385894536972046,
    0.2953758239746094,
    0.3019401729106903,
    0.3037126958370209,
    0.30390337109565735,
    0.29866278171539307,
    0.3066708743572235,
    0.316076397895813,
    0.29633569717407227
  ],
  "val_losses": [
    4.423373222351074,
    4.710364818572998,
    5.407559871673584,
    5.878123760223389,
    6.093231201171875,
    6.206959247589111,
    6.281698703765869,
    6.360153675079346,
    6.399154186248779,
    6.405415058135986,
    6.381429672241211,
    6.3804216384887695,
    6.367918014526367,
    6.33258056640625,
    6.250212669372559,
    6.222930908203125,
    6.179965496063232,
    6.117051124572754,
    6.074706554412842,
    6.018074035644531
  ]
}