{
  "summary_row": {
    "path": "!previous_results\\categorical_one_rule\\add_p97_wd1.0_lr0.001_d128_l2_tf0.5_cat_c_ep5000.json",
    "operation": "add",
    "p": 97,
    "rule_count": 1,
    "num_classes": 97,
    "branch_metric": "b_parity",
    "branch_label_1": "odd",
    "branch_label_2": "even",
    "last_log_epoch": 5000,
    "train_acc_last": 1.0,
    "val_acc_last": 1.0,
    "train_acc_mean_logs": 0.9841284000873566,
    "val_acc_mean_logs": 0.7780042430758476,
    "train_branch1_last": 1.0,
    "train_branch2_last": 1.0,
    "val_branch1_last": 1.0,
    "val_branch2_last": 1.0,
    "rule0_macro_train_last": 1.0,
    "rule0_macro_val_last": 1.0,
    "rule0_micro_train_last": 1.0,
    "rule0_micro_val_last": 1.0,
    "macro_mean_over_rules_train": 1.0,
    "macro_mean_over_rules_val": 1.0,
    "micro_mean_over_rules_train": 1.0,
    "micro_mean_over_rules_val": 1.0
  },
  "per_class": {
    "path": "!previous_results\\categorical_one_rule\\add_p97_wd1.0_lr0.001_d128_l2_tf0.5_cat_c_ep5000.json",
    "operation": "add",
    "p": 97,
    "rule_count": 1,
    "last_log_epoch": 5000,
    "per_class_train_last": [
      1.0,
      1.0,
      1.0,
      1.0,
      1.0,
      1.0,
      1.0,
      1.0,
      1.0,
      1.0,
      1.0,
      1.0,
      1.0,
      1.0,
      1.0,
      1.0,
      1.0,
      1.0,
      1.0,
      1.0,
      1.0,
      1.0,
      1.0,
      1.0,
      1.0,
      1.0,
      1.0,
      1.0,
      1.0,
      1.0,
      1.0,
      1.0,
      1.0,
      1.0,
      1.0,
      1.0,
      1.0,
      1.0,
      1.0,
      1.0,
      1.0,
      1.0,
      1.0,
      1.0,
      1.0,
      1.0,
      1.0,
      1.0,
      1.0,
      1.0,
      1.0,
      1.0,
      1.0,
      1.0,
      1.0,
      1.0,
      1.0,
      1.0,
      1.0,
      1.0,
      1.0,
      1.0,
      1.0,
      1.0,
      1.0,
      1.0,
      1.0,
      1.0,
      1.0,
      1.0,
      1.0,
      1.0,
      1.0,
      1.0,
      1.0,
      1.0,
      1.0,
      1.0,
      1.0,
      1.0,
      1.0,
      1.0,
      1.0,
      1.0,
      1.0,
      1.0,
      1.0,
      1.0,
      1.0,
      1.0,
      1.0,
      1.0,
      1.0,
      1.0,
      1.0,
      1.0,
      1.0
    ],
    "per_class_val_last": [
      1.0,
      1.0,
      1.0,
      1.0,
      1.0,
      1.0,
      1.0,
      1.0,
      1.0,
      1.0,
      1.0,
      1.0,
      1.0,
      1.0,
      1.0,
      1.0,
      1.0,
      1.0,
      1.0,
      1.0,
      1.0,
      1.0,
      1.0,
      1.0,
      1.0,
      1.0,
      1.0,
      1.0,
      1.0,
      1.0,
      1.0,
      1.0,
      1.0,
      1.0,
      1.0,
      1.0,
      1.0,
      1.0,
      1.0,
      1.0,
      1.0,
      1.0,
      1.0,
      1.0,
      1.0,
      1.0,
      1.0,
      1.0,
      1.0,
      1.0,
      1.0,
      1.0,
      1.0,
      1.0,
      1.0,
      1.0,
      1.0,
      1.0,
      1.0,
      1.0,
      1.0,
      1.0,
      1.0,
      1.0,
      1.0,
      1.0,
      1.0,
      1.0,
      1.0,
      1.0,
      1.0,
      1.0,
      1.0,
      1.0,
      1.0,
      1.0,
      1.0,
      1.0,
      1.0,
      1.0,
      1.0,
      1.0,
      1.0,
      1.0,
      1.0,
      1.0,
      1.0,
      1.0,
      1.0,
      1.0,
      1.0,
      1.0,
      1.0,
      1.0,
      1.0,
      1.0,
      1.0
    ],
    "per_class_train_support": [
      50,
      50,
      53,
      53,
      46,
      48,
      56,
      40,
      59,
      59,
      48,
      57,
      50,
      43,
      39,
      55,
      45,
      61,
      40,
      45,
      61,
      47,
      48,
      55,
      52,
      48,
      36,
      53,
      47,
      48,
      42,
      46,
      47,
      51,
      46,
      54,
      43,
      44,
      50,
      51,
      46,
      53,
      49,
      45,
      41,
      53,
      56,
      49,
      46,
      48,
      47,
      51,
      46,
      53,
      50,
      50,
      53,
      45,
      51,
      43,
      39,
      39,
      50,
      42,
      62,
      42,
      34,
      47,
      46,
      47,
      40,
      45,
      43,
      53,
      47,
      45,
      66,
      43,
      45,
      54,
      49,
      47,
      47,
      46,
      41,
      51,
      51,
      52,
      49,
      53,
      53,
      51,
      48,
      48,
      54,
      48,
      46
    ],
    "per_class_val_support": [
      47,
      47,
      44,
      44,
      51,
      49,
      41,
      57,
      38,
      38,
      49,
      40,
      47,
      54,
      58,
      42,
      52,
      36,
      57,
      52,
      36,
      50,
      49,
      42,
      45,
      49,
      61,
      44,
      50,
      49,
      55,
      51,
      50,
      46,
      51,
      43,
      54,
      53,
      47,
      46,
      51,
      44,
      48,
      52,
      56,
      44,
      41,
      48,
      51,
      49,
      50,
      46,
      51,
      44,
      47,
      47,
      44,
      52,
      46,
      54,
      58,
      58,
      47,
      55,
      35,
      55,
      63,
      50,
      51,
      50,
      57,
      52,
      54,
      44,
      50,
      52,
      31,
      54,
      52,
      43,
      48,
      50,
      50,
      51,
      56,
      46,
      46,
      45,
      48,
      44,
      44,
      46,
      49,
      49,
      43,
      49,
      51
    ]
  }
}