{
  "summary": {
    "operation": "add",
    "p": 97,
    "train_frac": 0.5,
    "max_train_samples": null,
    "input_format": "a_op_b_eq",
    "weight_decay": 0.5,
    "lr": 0.001,
    "d_model": 128,
    "num_layers": 2,
    "memo_epoch": 150,
    "grok_epoch": null,
    "grok_gap": null,
    "elapsed_sec": 7409.6
  },
  "log_epochs": [
    50,
    100,
    150,
    200,
    250,
    300,
    350,
    400,
    450,
    500,
    550,
    600,
    650,
    700,
    750,
    800,
    850,
    900,
    950,
    1000,
    1050,
    1100,
    1150,
    1200,
    1250,
    1300,
    1350,
    1400,
    1450,
    1500,
    1550,
    1600,
    1650,
    1700,
    1750,
    1800,
    1850,
    1900,
    1950,
    2000,
    2050,
    2100,
    2150,
    2200,
    2250,
    2300,
    2350,
    2400,
    2450,
    2500,
    2550,
    2600,
    2650,
    2700,
    2750,
    2800,
    2850,
    2900,
    2950,
    3000,
    3050,
    3100,
    3150,
    3200,
    3250,
    3300,
    3350,
    3400,
    3450,
    3500,
    3550,
    3600,
    3650,
    3700,
    3750,
    3800,
    3850,
    3900,
    3950,
    4000,
    4050,
    4100,
    4150,
    4200,
    4250,
    4300,
    4350,
    4400,
    4450,
    4500,
    4550,
    4600,
    4650,
    4700,
    4750,
    4800,
    4850,
    4900,
    4950,
    5000
  ],
  "train_accs": [
    0.4202806055545807,
    0.9846938848495483,
    1.0,
    1.0,
    1.0,
    1.0,
    1.0,
    1.0,
    1.0,
    1.0,
    1.0,
    1.0,
    1.0,
    1.0,
    1.0,
    1.0,
    1.0,
    1.0,
    1.0,
    0.9764030575752258,
    1.0,
    1.0,
    1.0,
    1.0,
    1.0,
    1.0,
    1.0,
    1.0,
    1.0,
    1.0,
    1.0,
    1.0,
    1.0,
    1.0,
    1.0,
    0.9173043966293335,
    1.0,
    1.0,
    1.0,
    1.0,
    1.0,
    1.0,
    0.9175170063972473,
    1.0,
    1.0,
    1.0,
    1.0,
    1.0,
    1.0,
    1.0,
    1.0,
    1.0,
    1.0,
    1.0,
    1.0,
    0.541241466999054,
    1.0,
    1.0,
    1.0,
    1.0,
    1.0,
    1.0,
    1.0,
    1.0,
    1.0,
    1.0,
    1.0,
    1.0,
    1.0,
    1.0,
    1.0,
    1.0,
    1.0,
    1.0,
    0.9379251599311829,
    1.0,
    1.0,
    1.0,
    1.0,
    1.0,
    1.0,
    1.0,
    1.0,
    1.0,
    1.0,
    1.0,
    0.26828232407569885,
    1.0,
    1.0,
    1.0,
    1.0,
    1.0,
    1.0,
    1.0,
    1.0,
    1.0,
    1.0,
    1.0,
    1.0,
    1.0
  ],
  "val_accs": [
    0.04080765321850777,
    0.4828905463218689,
    0.49755579233169556,
    0.49883103370666504,
    0.49883103370666504,
    0.49925610423088074,
    0.49925610423088074,
    0.49883103370666504,
    0.49925610423088074,
    0.49925610423088074,
    0.49925610423088074,
    0.49925610423088074,
    0.49925610423088074,
    0.49840596318244934,
    0.49840596318244934,
    0.49840596318244934,
    0.49840596318244934,
    0.49883103370666504,
    0.49883103370666504,
    0.47906482219696045,
    0.49883103370666504,
    0.49925610423088074,
    0.49925610423088074,
    0.49925610423088074,
    0.49925610423088074,
    0.49925610423088074,
    0.4996812045574188,
    0.4996812045574188,
    0.49840596318244934,
    0.49883103370666504,
    0.49925610423088074,
    0.49883103370666504,
    0.49883103370666504,
    0.49925610423088074,
    0.4996812045574188,
    0.43145591020584106,
    0.49925610423088074,
    0.49925610423088074,
    0.5001062750816345,
    0.4996812045574188,
    0.5001062750816345,
    0.5005313754081726,
    0.4269925653934479,
    0.4996812045574188,
    0.49925610423088074,
    0.49925610423088074,
    0.4996812045574188,
    0.4996812045574188,
    0.5001062750816345,
    0.4996812045574188,
    0.5009564161300659,
    0.5001062750816345,
    0.5009564161300659,
    0.5005313754081726,
    0.4996812045574188,
    0.2002125382423401,
    0.5005313754081726,
    0.5005313754081726,
    0.5005313754081726,
    0.5009564161300659,
    0.5018066167831421,
    0.501381516456604,
    0.503931999206543,
    0.5018066167831421,
    0.5047821402549744,
    0.5047821402549744,
    0.503931999206543,
    0.5043570399284363,
    0.5060573816299438,
    0.5069075226783752,
    0.5069075226783752,
    0.5077577233314514,
    0.5056322813034058,
    0.5073326230049133,
    0.45377257466316223,
    0.516684353351593,
    0.5162593126296997,
    0.5171094536781311,
    0.5171094536781311,
    0.5175345540046692,
    0.5307120084762573,
    0.5398512482643127,
    0.5385760068893433,
    0.5394261479377747,
    0.5385760068893433,
    0.5409139394760132,
    0.12858660519123077,
    0.5829967856407166,
    0.5883103013038635,
    0.5925611257553101,
    0.5970244407653809,
    0.5987247824668884,
    0.6072263717651367,
    0.6146652698516846,
    0.7124335765838623,
    0.7409139275550842,
    0.7519659996032715,
    0.7634431719779968,
    0.7772582173347473,
    0.7965993881225586
  ],
  "train_losses": [
    3.0593457221984863,
    0.4776054322719574,
    0.048389069736003876,
    0.019594261422753334,
    0.010454905219376087,
    0.005941665265709162,
    0.0034685046412050724,
    0.00205432646907866,
    0.0012246411060914397,
    0.02221757359802723,
    0.007694900501519442,
    0.0069290813989937305,
    0.005991621874272823,
    0.004928237292915583,
    0.003680258058011532,
    0.002516502281650901,
    0.0016348544741049409,
    0.0010348885552957654,
    0.0006461129523813725,
    0.205806702375412,
    0.010976987890899181,
    0.00885323341935873,
    0.007436149753630161,
    0.006224750075489283,
    0.005102692637592554,
    0.0038410169072449207,
    0.0026606915052980185,
    0.001749649760313332,
    0.058696381747722626,
    0.013601713813841343,
    0.011319528333842754,
    0.009389283135533333,
    0.007495275232940912,
    0.005546739790588617,
    0.003823759499937296,
    0.5507434606552124,
    0.016145043075084686,
    0.01198186632245779,
    0.010304463095963001,
    0.008403968997299671,
    0.00624848110601306,
    0.004288130439817905,
    0.5416771769523621,
    0.01712079904973507,
    0.012818667106330395,
    0.010862755589187145,
    0.008616731502115726,
    0.006315367296338081,
    0.00430903909727931,
    0.09054195135831833,
    0.01332000270485878,
    0.011484730988740921,
    0.009951007552444935,
    0.00795905664563179,
    0.005760982632637024,
    2.3809378147125244,
    0.028207823634147644,
    0.016488587483763695,
    0.01320941373705864,
    0.01030232198536396,
    0.007542221806943417,
    0.005341729149222374,
    0.04195207729935646,
    0.015905141830444336,
    0.012985446490347385,
    0.010481923818588257,
    0.007864827290177345,
    0.005470969248563051,
    0.05936795845627785,
    0.017451371997594833,
    0.013801506720483303,
    0.011041106656193733,
    0.008429430425167084,
    0.006100463215261698,
    0.4778727889060974,
    0.02226640284061432,
    0.015084389597177505,
    0.011908842250704765,
    0.009150640107691288,
    0.006592586170881987,
    0.07491295784711838,
    0.017512723803520203,
    0.013334453105926514,
    0.010526125319302082,
    0.0079371128231287,
    0.005577508360147476,
    3.12929368019104,
    0.03389272838830948,
    0.016825789585709572,
    0.01275093574076891,
    0.009824370965361595,
    0.00732947513461113,
    0.005173802841454744,
    0.0034638589713722467,
    0.03958272188901901,
    0.014389499090611935,
    0.010673284530639648,
    0.008203507401049137,
    0.006201203912496567,
    0.00445865374058485
  ],