{
  "summary": {
    "operation": "add",
    "p": 97,
    "train_frac": 0.5,
    "max_train_samples": null,
    "input_format": "a_op_b_eq",
    "weight_decay": 0.5,
    "lr": 0.001,
    "d_model": 128,
    "num_layers": 2,
    "memo_epoch": 150,
    "grok_epoch": 5150,
    "grok_gap": 5000,
    "elapsed_sec": 3653.5
  },
  "log_epochs": [
    50,
    100,
    150,
    200,
    250,
    300,
    350,
    400,
    450,
    500,
    550,
    600,
    650,
    700,
    750,
    800,
    850,
    900,
    950,
    1000,
    1050,
    1100,
    1150,
    1200,
    1250,
    1300,
    1350,
    1400,
    1450,
    1500,
    1550,
    1600,
    1650,
    1700,
    1750,
    1800,
    1850,
    1900,
    1950,
    2000,
    2050,
    2100,
    2150,
    2200,
    2250,
    2300,
    2350,
    2400,
    2450,
    2500,
    2550,
    2600,
    2650,
    2700,
    2750,
    2800,
    2850,
    2900,
    2950,
    3000,
    3050,
    3100,
    3150,
    3200,
    3250,
    3300,
    3350,
    3400,
    3450,
    3500,
    3550,
    3600,
    3650,
    3700,
    3750,
    3800,
    3850,
    3900,
    3950,
    4000,
    4050,
    4100,
    4150,
    4200,
    4250,
    4300,
    4350,
    4400,
    4450,
    4500,
    4550,
    4600,
    4650,
    4700,
    4750,
    4800,
    4850,
    4900,
    4950,
    5000,
    5050,
    5100,
    5150,
    5200,
    5250,
    5300,
    5350,
    5400,
    5450,
    5500,
    5550,
    5600,
    5650,
    5700,
    5750,
    5800,
    5850,
    5900,
    5950,
    6000,
    6050,
    6100,
    6150,
    6200,
    6250,
    6300,
    6350,
    6400,
    6450,
    6500,
    6550,
    6600,
    6650,
    6700,
    6750,
    6800,
    6850,
    6900,
    6950,
    7000,
    7050,
    7100,
    7150,
    7200,
    7250,
    7300,
    7350,
    7400,
    7450,
    7500,
    7550,
    7600,
    7650,
    7700,
    7750,
    7800,
    7850,
    7900,
    7950,
    8000
  ],
  "train_accs": [
    0.4202806055545807,
    0.9846938848495483,
    1.0,
    1.0,
    1.0,
    1.0,
    1.0,
    1.0,
    1.0,
    1.0,
    1.0,
    1.0,
    1.0,
    1.0,
    1.0,
    1.0,
    1.0,
    1.0,
    1.0,
    0.9764030575752258,
    1.0,
    1.0,
    1.0,
    1.0,
    1.0,
    1.0,
    1.0,
    1.0,
    1.0,
    1.0,
    1.0,
    1.0,
    1.0,
    1.0,
    1.0,
    0.9173043966293335,
    1.0,
    1.0,
    1.0,
    1.0,
    1.0,
    1.0,
    0.9175170063972473,
    1.0,
    1.0,
    1.0,
    1.0,
    1.0,
    1.0,
    1.0,
    1.0,
    1.0,
    1.0,
    1.0,
    1.0,
    0.541241466999054,
    1.0,
    1.0,
    1.0,
    1.0,
    1.0,
    1.0,
    1.0,
    1.0,
    1.0,
    1.0,
    1.0,
    1.0,
    1.0,
    1.0,
    1.0,
    1.0,
    1.0,
    1.0,
    0.9379251599311829,
    1.0,
    1.0,
    1.0,
    1.0,
    1.0,
    1.0,
    1.0,
    1.0,
    1.0,
    1.0,
    1.0,
    0.26828232407569885,
    1.0,
    1.0,
    1.0,
    1.0,
    1.0,
    1.0,
    1.0,
    1.0,
    1.0,
    1.0,
    1.0,
    1.0,
    1.0,
    1.0,
    0.8641581535339355,
    1.0,
    1.0,
    1.0,
    1.0,
    1.0,
    1.0,
    1.0,
    0.9477040767669678,
    1.0,
    1.0,
    1.0,
    1.0,
    1.0,
    1.0,
    1.0,
    1.0,
    1.0,
    1.0,
    1.0,
    1.0,
    1.0,
    1.0,
    1.0,
    1.0,
    1.0,
    1.0,
    0.9982993006706238,
    1.0,
    1.0,
    1.0,
    1.0,
    1.0,
    1.0,
    1.0,
    1.0,
    0.9768282175064087,
    1.0,
    1.0,
    1.0,
    1.0,
    1.0,
    1.0,
    1.0,
    1.0,
    0.9840561151504517,
    1.0,
    1.0,
    1.0,
    1.0,
    1.0,
    1.0,
    1.0,
    1.0,
    1.0,
    1.0,
    1.0,
    1.0,
    1.0
  ],
  "val_accs": [
    0.04080765321850777,
    0.4828905463218689,
    0.49755579233169556,
    0.49883103370666504,
    0.49883103370666504,
    0.49925610423088074,
    0.49925610423088074,
    0.49883103370666504,
    0.49925610423088074,
    0.49925610423088074,
    0.49925610423088074,
    0.49925610423088074,
    0.49925610423088074,
    0.49840596318244934,
    0.49840596318244934,
    0.49840596318244934,
    0.49840596318244934,
    0.49883103370666504,
    0.49883103370666504,
    0.47906482219696045,
    0.49883103370666504,
    0.49925610423088074,
    0.49925610423088074,
    0.49925610423088074,
    0.49925610423088074,
    0.49925610423088074,
    0.4996812045574188,
    0.4996812045574188,
    0.49840596318244934,
    0.49883103370666504,
    0.49925610423088074,
    0.49883103370666504,
    0.49883103370666504,
    0.49925610423088074,
    0.4996812045574188,
    0.43145591020584106,
    0.49925610423088074,
    0.49925610423088074,
    0.5001062750816345,
    0.4996812045574188,
    0.5001062750816345,
    0.5005313754081726,
    0.4269925653934479,
    0.4996812045574188,
    0.49925610423088074,
    0.49925610423088074,
    0.4996812045574188,
    0.4996812045574188,
    0.5001062750816345,
    0.4996812045574188,
    0.5009564161300659,
    0.5001062750816345,
    0.5009564161300659,
    0.5005313754081726,
    0.4996812045574188,
    0.2002125382423401,
    0.5005313754081726,
    0.5005313754081726,
    0.5005313754081726,
    0.5009564161300659,
    0.5018066167831421,
    0.501381516456604,
    0.503931999206543,
    0.5018066167831421,
    0.5047821402549744,
    0.5047821402549744,
    0.503931999206543,
    0.5043570399284363,
    0.5060573816299438,
    0.5069075226783752,
    0.5069075226783752,
    0.5077577233314514,
    0.5056322813034058,
    0.5073326230049133,
    0.45377257466316223,
    0.516684353351593,
    0.5162593126296997,
    0.5171094536781311,
    0.5171094536781311,
    0.5175345540046692,
    0.5307120084762573,
    0.5398512482643127,
    0.5385760068893433,
    0.5394261479377747,
    0.5385760068893433,
    0.5409139394760132,
    0.12858660519123077,
    0.5829967856407166,
    0.5883103013038635,
    0.5925611257553101,
    0.5970244407653809,
    0.5987247824668884,
    0.6072263717651367,
    0.6146652698516846,
    0.7124335765838623,
    0.7409139275550842,
    0.7519659996032715,
    0.7634431719779968,
    0.7772582173347473,
    0.7965993881225586,
    0.818278431892395,
    0.5294367671012878,
    0.9341126680374146,
    0.9538788795471191,
    0.9653559923171997,
    0.9742826819419861,
    0.9846971035003662,
    0.9914984107017517,
    0.9963868260383606,
    0.794899046421051,
    0.9993624091148376,
    0.999787449836731,
    1.0,
    1.0,
    1.0,
    1.0,
    1.0,
    1.0,
    1.0,
    1.0,
    1.0,
    1.0,
    1.0,
    1.0,
    1.0,
    1.0,
    1.0,
    1.0,
    0.9976620674133301,
    1.0,
    1.0,
    1.0,
    1.0,
    1.0,
    1.0,
    1.0,
    1.0,
    0.9719447493553162,
    1.0,
    1.0,
    1.0,
    1.0,
    1.0,
    1.0,
    1.0,
    1.0,
    0.9798086881637573,
    1.0,
    1.0,
    1.0,
    1.0,
    1.0,
    1.0,
    1.0,
    1.0,
    1.0,
    1.0,
    1.0,
    1.0,
    1.0
  ],