{
  "summary": {
    "operation": "add",
    "p": 97,
    "train_frac": 0.5,
    "max_train_samples": null,
    "input_format": "a_op_b_eq",
    "weight_decay": 2.0,
    "lr": 0.001,
    "d_model": 128,
    "num_layers": 2,
    "memo_epoch": 150,
    "grok_epoch": 1100,
    "grok_gap": 950,
    "elapsed_sec": 3720.3
  },
  "log_epochs": [
    50,
    100,
    150,
    200,
    250,
    300,
    350,
    400,
    450,
    500,
    550,
    600,
    650,
    700,
    750,
    800,
    850,
    900,
    950,
    1000,
    1050,
    1100,
    1150,
    1200,
    1250,
    1300,
    1350,
    1400,
    1450,
    1500,
    1550,
    1600,
    1650,
    1700,
    1750,
    1800,
    1850,
    1900,
    1950,
    2000,
    2050,
    2100,
    2150,
    2200,
    2250,
    2300,
    2350,
    2400,
    2450,
    2500,
    2550,
    2600,
    2650,
    2700,
    2750,
    2800,
    2850,
    2900,
    2950,
    3000,
    3050,
    3100,
    3150,
    3200,
    3250,
    3300,
    3350,
    3400,
    3450,
    3500,
    3550,
    3600,
    3650,
    3700,
    3750,
    3800,
    3850,
    3900,
    3950,
    4000,
    4050,
    4100,
    4150,
    4200,
    4250,
    4300,
    4350,
    4400,
    4450,
    4500,
    4550,
    4600,
    4650,
    4700,
    4750,
    4800,
    4850,
    4900,
    4950,
    5000
  ],
  "train_accs": [
    0.3832908272743225,
    0.8994472622871399,
    1.0,
    1.0,
    1.0,
    1.0,
    1.0,
    0.9383503198623657,
    1.0,
    0.9982993006706238,
    1.0,
    1.0,
    1.0,
    0.983418345451355,
    1.0,
    1.0,
    1.0,
    0.9608843326568604,
    1.0,
    1.0,
    0.7544642686843872,
    1.0,
    1.0,
    1.0,
    1.0,
    1.0,
    1.0,
    0.9997873902320862,
    1.0,
    0.946853756904602,
    1.0,
    1.0,
    1.0,
    1.0,
    1.0,
    1.0,
    1.0,
    1.0,
    1.0,
    1.0,
    1.0,
    1.0,
    0.9997873902320862,
    1.0,
    1.0,
    1.0,
    0.9668367505073547,
    1.0,
    0.836522102355957,
    1.0,
    1.0,
    1.0,
    0.8728741407394409,
    1.0,
    1.0,
    1.0,
    1.0,
    1.0,
    1.0,
    0.9997873902320862,
    1.0,
    1.0,
    1.0,
    1.0,
    1.0,
    1.0,
    0.9929847121238708,
    1.0,
    1.0,
    1.0,
    1.0,
    1.0,
    1.0,
    1.0,
    1.0,
    1.0,
    1.0,
    1.0,
    1.0,
    1.0,
    1.0,
    1.0,
    1.0,
    1.0,
    1.0,
    1.0,
    1.0,
    1.0,
    1.0,
    1.0,
    1.0,
    1.0,
    1.0,
    1.0,
    1.0,
    1.0,
    1.0,
    1.0,
    1.0,
    1.0
  ],
  "val_accs": [
    0.031030818819999695,
    0.39978745579719543,
    0.49798086285591125,
    0.49798086285591125,
    0.49798086285591125,
    0.49755579233169556,
    0.49755579233169556,
    0.4590860903263092,
    0.49755579233169556,
    0.4962805509567261,
    0.49925610423088074,
    0.49883103370666504,
    0.501381516456604,
    0.4856535494327545,
    0.5052072405815125,
    0.5115834474563599,
    0.522210419178009,
    0.49075451493263245,
    0.6004250645637512,
    0.7181721329689026,
    0.45568543672561646,
    0.9810839295387268,
    0.9887353777885437,
    1.0,
    1.0,
    1.0,
    1.0,
    0.9976620674133301,
    1.0,
    0.9402763247489929,
    1.0,
    1.0,
    1.0,
    1.0,
    1.0,
    1.0,
    1.0,
    1.0,
    1.0,
    1.0,
    1.0,
    1.0,
    0.999787449836731,
    1.0,
    1.0,
    1.0,
    0.961105227470398,
    1.0,
    0.815515398979187,
    1.0,
    1.0,
    1.0,
    0.8537725806236267,
    1.0,
    1.0,
    1.0,
    1.0,
    1.0,
    1.0,
    0.9995748996734619,
    1.0,
    1.0,
    1.0,
    1.0,
    1.0,
    1.0,
    0.9900106191635132,
    1.0,
    1.0,
    1.0,
    1.0,
    1.0,
    1.0,
    1.0,
    1.0,
    1.0,
    1.0,
    1.0,
    1.0,
    1.0,
    1.0,
    1.0,
    1.0,
    1.0,
    1.0,
    1.0,
    1.0,
    1.0,
    1.0,
    1.0,
    1.0,
    1.0,
    1.0,
    1.0,
    1.0,
    1.0,
    1.0,
    1.0,
    1.0,
    1.0
  ],
  "train_losses": [
    3.281810760498047,
    1.0308529138565063,
    0.2371949702501297,
    0.125783771276474,
    0.15943500399589539,
    0.10800284892320633,
    0.14251267910003662,
    0.6029966473579407,
    0.15532992780208588,
    0.31778135895729065,
    0.17730961740016937,
    0.1966318041086197,
    0.2480613738298416,
    0.5520243644714355,
    0.20313404500484467,
    0.22090257704257965,
    0.2821532189846039,
    0.7663476467132568,
    0.1876469999551773,
    0.2251133769750595,
    1.2359843254089355,
    0.14005407691001892,
    0.21850642561912537,
    0.10628551989793777,
    0.09748754650354385,
    0.11723488569259644,
    0.09012304246425629,
    0.27913397550582886,
    0.07763972878456116,
    0.8128405213356018,
    0.07815179973840714,
    0.15933822095394135,
    0.08465532958507538,
    0.08455425500869751,
    0.08019327372312546,
    0.07431229948997498,
    0.10911020636558533,
    0.08759188652038574,
    0.12284406274557114,
    0.08409211784601212,
    0.16374704241752625,
    0.08631066977977753,
    0.3146413564682007,
    0.08578965812921524,
    0.3214467763900757,
    0.08295399695634842,
    0.5995818972587585,
    0.09753478318452835,
    1.057420015335083,
    0.09243929386138916,
    0.1887151151895523,
    0.07640039920806885,
    0.9619566202163696,
    0.07866544276475906,
    0.0728171244263649,
    0.09048876166343689,
    0.07802794873714447,
    0.10029622167348862,
    0.07705281674861908,
    0.3655441701412201,
    0.07949734479188919,
    0.11230374127626419,
    0.10351479798555374,
    0.09167518466711044,
    0.18507874011993408,
    0.08284776657819748,
    0.425429105758667,
    0.07329492270946503,
    0.0670420229434967,
    0.14222167432308197,
    0.07241499423980713,
    0.06878609210252762,
    0.0761059820652008,
    0.07089032977819443,
    0.09358915686607361,
    0.08050291240215302,
    0.07541762292385101,
    0.06633541733026505,
    0.0664566159248352,
    0.06419596076011658,
    0.05283479392528534,
    0.0617637112736702,
    0.06311614066362381,
    0.05431944504380226,
    0.0650743618607521,
    0.06309675425291061,
    0.0560455322265625,
    0.06392711400985718,
    0.06343486905097961,
    0.054258838295936584,
    0.11161500215530396,
    0.05848918482661247,
    0.05525512620806694,
    0.12096480280160904,
    0.05590316280722618,
    0.05559975281357765,
    0.09825781732797623,
    0.05478166043758392,
    0.052351854741573334,
    0.041781455278396606
  ],