{
  "summary": {
    "operation": "add",
    "p": 97,
    "train_frac": 0.5,
    "max_train_samples": null,
    "input_format": "a_op_b_eq",
    "weight_decay": 0.1,
    "lr": 0.001,
    "d_model": 128,
    "num_layers": 2,
    "memo_epoch": 100,
    "grok_epoch": null,
    "grok_gap": null,
    "elapsed_sec": 3734.1
  },
  "log_epochs": [
    50,
    100,
    150,
    200,
    250,
    300,
    350,
    400,
    450,
    500,
    550,
    600,
    650,
    700,
    750,
    800,
    850,
    900,
    950,
    1000,
    1050,
    1100,
    1150,
    1200,
    1250,
    1300,
    1350,
    1400,
    1450,
    1500,
    1550,
    1600,
    1650,
    1700,
    1750,
    1800,
    1850,
    1900,
    1950,
    2000,
    2050,
    2100,
    2150,
    2200,
    2250,
    2300,
    2350,
    2400,
    2450,
    2500,
    2550,
    2600,
    2650,
    2700,
    2750,
    2800,
    2850,
    2900,
    2950,
    3000,
    3050,
    3100,
    3150,
    3200,
    3250,
    3300,
    3350,
    3400,
    3450,
    3500,
    3550,
    3600,
    3650,
    3700,
    3750,
    3800,
    3850,
    3900,
    3950,
    4000,
    4050,
    4100,
    4150,
    4200,
    4250,
    4300,
    4350,
    4400,
    4450,
    4500,
    4550,
    4600,
    4650,
    4700,
    4750,
    4800,
    4850,
    4900,
    4950,
    5000
  ],
  "train_accs": [
    0.4389880895614624,
    0.9940476417541504,
    1.0,
    1.0,
    1.0,
    1.0,
    1.0,
    1.0,
    1.0,
    1.0,
    1.0,
    1.0,
    1.0,
    1.0,
    1.0,
    1.0,
    1.0,
    1.0,
    1.0,
    1.0,
    1.0,
    1.0,
    1.0,
    1.0,
    1.0,
    1.0,
    0.9817177057266235,
    1.0,
    1.0,
    1.0,
    1.0,
    1.0,
    1.0,
    1.0,
    1.0,
    1.0,
    1.0,
    1.0,
    1.0,
    1.0,
    1.0,
    1.0,
    1.0,
    1.0,
    1.0,
    1.0,
    1.0,
    1.0,
    1.0,
    1.0,
    1.0,
    1.0,
    1.0,
    1.0,
    1.0,
    1.0,
    1.0,
    1.0,
    1.0,
    1.0,
    1.0,
    1.0,
    1.0,
    1.0,
    1.0,
    1.0,
    1.0,
    1.0,
    1.0,
    1.0,
    1.0,
    1.0,
    1.0,
    1.0,
    1.0,
    1.0,
    1.0,
    1.0,
    1.0,
    1.0,
    1.0,
    1.0,
    1.0,
    0.9978741407394409,
    1.0,
    1.0,
    1.0,
    1.0,
    1.0,
    1.0,
    1.0,
    1.0,
    1.0,
    1.0,
    1.0,
    1.0,
    1.0,
    1.0,
    1.0,
    1.0
  ],
  "val_accs": [
    0.04569606855511665,
    0.49202975630760193,
    0.49798086285591125,
    0.49798086285591125,
    0.49798086285591125,
    0.49840596318244934,
    0.49840596318244934,
    0.49840596318244934,
    0.49840596318244934,
    0.49840596318244934,
    0.49840596318244934,
    0.49883103370666504,
    0.49883103370666504,
    0.49840596318244934,
    0.49840596318244934,
    0.49840596318244934,
    0.49840596318244934,
    0.49840596318244934,
    0.49840596318244934,
    0.49883103370666504,
    0.49883103370666504,
    0.49925610423088074,
    0.49925610423088074,
    0.49925610423088074,
    0.49925610423088074,
    0.49925610423088074,
    0.48310309648513794,
    0.49755579233169556,
    0.49840596318244934,
    0.49840596318244934,
    0.49798086285591125,
    0.49798086285591125,
    0.49798086285591125,
    0.49798086285591125,
    0.49798086285591125,
    0.49798086285591125,
    0.49798086285591125,
    0.49798086285591125,
    0.49798086285591125,
    0.49798086285591125,
    0.49798086285591125,
    0.49755579233169556,
    0.49755579233169556,
    0.49755579233169556,
    0.49755579233169556,
    0.49755579233169556,
    0.49755579233169556,
    0.49755579233169556,
    0.49755579233169556,
    0.49755579233169556,
    0.49755579233169556,
    0.49798086285591125,
    0.49798086285591125,
    0.49798086285591125,
    0.49798086285591125,
    0.49925610423088074,
    0.49883103370666504,
    0.49883103370666504,
    0.49883103370666504,
    0.49883103370666504,
    0.49840596318244934,
    0.49798086285591125,
    0.49798086285591125,
    0.49798086285591125,
    0.49798086285591125,
    0.49840596318244934,
    0.49840596318244934,
    0.49840596318244934,
    0.49840596318244934,
    0.49883103370666504,
    0.49840596318244934,
    0.49840596318244934,
    0.49883103370666504,
    0.49883103370666504,
    0.49883103370666504,
    0.49883103370666504,
    0.49883103370666504,
    0.49883103370666504,
    0.49925610423088074,
    0.49925610423088074,
    0.49925610423088074,
    0.49925610423088074,
    0.49925610423088074,
    0.49755579233169556,
    0.49798086285591125,
    0.49840596318244934,
    0.49840596318244934,
    0.49840596318244934,
    0.49840596318244934,
    0.49840596318244934,
    0.49840596318244934,
    0.49840596318244934,
    0.49798086285591125,
    0.49840596318244934,
    0.49840596318244934,
    0.49840596318244934,
    0.49840596318244934,
    0.49840596318244934,
    0.49840596318244934,
    0.49840596318244934
  ],
  "train_losses": [
    2.9928488731384277,
    0.3587644696235657,
    0.03232373297214508,
    0.012020918540656567,
    0.005869099870324135,
    0.0031162723898887634,
    0.0017225616611540318,
    0.0009722294053062797,
    0.0005556860705837607,
    0.00032044624094851315,
    0.0001856881135609001,
    0.00010814276902237907,
    6.316677172435448e-05,
    3.703343099914491e-05,
    2.1782107069157064e-05,
    1.2846733625337947e-05,
    7.59322347221314e-06,
    4.515014552453067e-06,
    2.691404233701178e-06,
    1.6209304476433317e-06,
    9.832226623984752e-07,
    5.983018240840465e-07,
    3.713125806825701e-07,
    2.4128220843522286e-07,
    1.7065376312075387e-07,
    1.0899640301431646e-07,
    0.08343879878520966,
    0.0005772103904746473,
    0.000286298367427662,
    0.00020428858988452703,
    0.00015096865536179394,
    0.00011201010056538507,
    8.249709935626015e-05,
    6.009246135363355e-05,
    4.328018621890806e-05,
    3.08148555632215e-05,
    2.1728721549152397e-05,
    1.5213989172480069e-05,
    1.0618239684845321e-05,
    7.393802206934197e-06,
    5.131557372806128e-06,
    3.545353365552728e-06,
    2.430152790111606e-06,
    1.640291657167836e-06,
    1.0919401347564417e-06,
    7.169534796958033e-07,
    4.667002713176771e-07,
    3.027368222774385e-07,
    1.9650271099180827e-07,
    1.3342619809009193e-07,
    9.493154351503108e-08,
    7.098324772414344e-08,
    5.679166292793525e-08,
    7.26051396782168e-08,
    4.815000664848412e-08,
    0.0042984564788639545,
    0.0006321704713627696,
    0.0004240195848979056,
    0.0003120768815279007,
    0.00023081540712155402,
    0.00016920578491408378,
    0.00012268936552572995,
    8.79366634762846e-05,
    6.217406917130575e-05,
    4.3332387576811016e-05,
    2.9851124054403044e-05,
    2.04002844839124e-05,
    1.3891137314203661e-05,
    9.483183021075092e-06,
    6.5005774558812845e-06,
    4.4780640564567875e-06,
    3.102146820310736e-06,
    2.138313675459358e-06,
    1.458158067180193e-06,
    9.808403547140188e-07,
    6.512668164759816e-07,
    4.2863641169788025e-07,
    2.7921936407437897e-07,
    1.8821585001660424e-07,
    1.2909269742067409e-07,
    9.252403998516456e-08,
    7.693864034763465e-08,
    4.8226034721210453e-08,
    0.03035406582057476,
    0.0007075066096149385,
    0.00040476617868989706,
    0.0002968703047372401,
    0.00022388287470676005,
    0.0001684790477156639,
    0.00012517228606157005,
    9.110562677960843e-05,
    6.493857654277235e-05,
    4.540336158243008e-05,
    3.129213291686028e-05,
    2.13911243918119e-05,
    1.4600303074985277e-05,
    1.0010016012529377e-05,
    6.9207476371957455e-06,
    4.825680207432015e-06,
    3.370595095475437e-06
  ],