{
  "summary": {
    "operation": "add",
    "p": 97,
    "train_frac": 0.5,
    "max_train_samples": null,
    "input_format": "a_op_b_eq",
    "weight_decay": 0.0,
    "lr": 0.001,
    "d_model": 128,
    "num_layers": 2,
    "memo_epoch": 100,
    "grok_epoch": null,
    "grok_gap": null,
    "elapsed_sec": 3312.2
  },
  "log_epochs": [
    50,
    100,
    150,
    200,
    250,
    300,
    350,
    400,
    450,
    500,
    550,
    600,
    650,
    700,
    750,
    800,
    850,
    900,
    950,
    1000,
    1050,
    1100,
    1150,
    1200,
    1250,
    1300,
    1350,
    1400,
    1450,
    1500,
    1550,
    1600,
    1650,
    1700,
    1750,
    1800,
    1850,
    1900,
    1950,
    2000,
    2050,
    2100,
    2150,
    2200,
    2250,
    2300,
    2350,
    2400,
    2450,
    2500,
    2550,
    2600,
    2650,
    2700,
    2750,
    2800,
    2850,
    2900,
    2950,
    3000,
    3050,
    3100,
    3150,
    3200,
    3250,
    3300,
    3350,
    3400,
    3450,
    3500,
    3550,
    3600,
    3650,
    3700,
    3750,
    3800,
    3850,
    3900,
    3950,
    4000,
    4050,
    4100,
    4150,
    4200,
    4250,
    4300,
    4350,
    4400,
    4450,
    4500,
    4550,
    4600,
    4650,
    4700,
    4750,
    4800,
    4850,
    4900,
    4950,
    5000
  ],
  "train_accs": [
    0.4398384392261505,
    0.9959608912467957,
    1.0,
    1.0,
    1.0,
    1.0,
    1.0,
    1.0,
    1.0,
    1.0,
    1.0,
    1.0,
    1.0,
    1.0,
    1.0,
    1.0,
    1.0,
    1.0,
    1.0,
    1.0,
    1.0,
    1.0,
    1.0,
    1.0,
    1.0,
    1.0,
    1.0,
    1.0,
    1.0,
    1.0,
    1.0,
    1.0,
    1.0,
    1.0,
    1.0,
    1.0,
    1.0,
    1.0,
    1.0,
    1.0,
    1.0,
    1.0,
    1.0,
    1.0,
    1.0,
    1.0,
    1.0,
    1.0,
    1.0,
    1.0,
    1.0,
    1.0,
    1.0,
    1.0,
    1.0,
    1.0,
    1.0,
    1.0,
    1.0,
    1.0,
    1.0,
    1.0,
    1.0,
    1.0,
    1.0,
    1.0,
    1.0,
    1.0,
    1.0,
    1.0,
    1.0,
    1.0,
    1.0,
    1.0,
    1.0,
    1.0,
    1.0,
    1.0,
    1.0,
    1.0,
    1.0,
    1.0,
    1.0,
    1.0,
    1.0,
    1.0,
    1.0,
    1.0,
    1.0,
    1.0,
    1.0,
    1.0,
    1.0,
    1.0,
    1.0,
    1.0,
    1.0,
    1.0,
    1.0,
    1.0
  ],
  "val_accs": [
    0.05058448389172554,
    0.49394261837005615,
    0.49798086285591125,
    0.49840596318244934,
    0.49840596318244934,
    0.49840596318244934,
    0.49840596318244934,
    0.49840596318244934,
    0.49840596318244934,
    0.49883103370666504,
    0.49883103370666504,
    0.49883103370666504,
    0.49883103370666504,
    0.49840596318244934,
    0.49840596318244934,
    0.49840596318244934,
    0.49840596318244934,
    0.49840596318244934,
    0.49840596318244934,
    0.49840596318244934,
    0.49798086285591125,
    0.49840596318244934,
    0.49798086285591125,
    0.49840596318244934,
    0.49840596318244934,
    0.49840596318244934,
    0.49840596318244934,
    0.49840596318244934,
    0.49840596318244934,
    0.49840596318244934,
    0.49840596318244934,
    0.49883103370666504,
    0.49840596318244934,
    0.49840596318244934,
    0.49840596318244934,
    0.49840596318244934,
    0.49840596318244934,
    0.49840596318244934,
    0.49840596318244934,
    0.49883103370666504,
    0.49883103370666504,
    0.49840596318244934,
    0.49840596318244934,
    0.49840596318244934,
    0.49840596318244934,
    0.49840596318244934,
    0.49840596318244934,
    0.49840596318244934,
    0.49840596318244934,
    0.49883103370666504,
    0.49883103370666504,
    0.49883103370666504,
    0.49883103370666504,
    0.49883103370666504,
    0.49883103370666504,
    0.49883103370666504,
    0.49798086285591125,
    0.49798086285591125,
    0.49798086285591125,
    0.49798086285591125,
    0.49798086285591125,
    0.49798086285591125,
    0.49798086285591125,
    0.49798086285591125,
    0.49840596318244934,
    0.4996812045574188,
    0.49925610423088074,
    0.49925610423088074,
    0.49883103370666504,
    0.49883103370666504,
    0.49840596318244934,
    0.49840596318244934,
    0.49840596318244934,
    0.49840596318244934,
    0.49883103370666504,
    0.49883103370666504,
    0.49883103370666504,
    0.49883103370666504,
    0.49883103370666504,
    0.49883103370666504,
    0.49883103370666504,
    0.49925610423088074,
    0.49925610423088074,
    0.49925610423088074,
    0.49925610423088074,
    0.49883103370666504,
    0.49883103370666504,
    0.49883103370666504,
    0.49925610423088074,
    0.49925610423088074,
    0.49925610423088074,
    0.49925610423088074,
    0.49883103370666504,
    0.49883103370666504,
    0.49840596318244934,
    0.49883103370666504,
    0.49883103370666504,
    0.49883103370666504,
    0.49883103370666504,
    0.49840596318244934
  ],
  "train_losses": [
    2.979978084564209,
    0.32296061515808105,
    0.02656720206141472,
    0.009723281487822533,
    0.004637246020138264,
    0.002406133571639657,
    0.0013013917487114668,
    0.0007207963499240577,
    0.00040537340100854635,
    0.00023019123182166368,
    0.00013158183719497174,
    7.558939250884578e-05,
    4.362873005447909e-05,
    2.5263381758122705e-05,
    1.4675085367343854e-05,
    8.553224688512273e-06,
    5.0055082283506636e-06,
    2.936486907856306e-06,
    1.7274431911573629e-06,
    1.0200193401033175e-06,
    6.009881303725706e-07,
    3.533450296799856e-07,
    2.0572724679368548e-07,
    1.2891530332126422e-07,
    8.215911861952918e-08,
    5.9249849471143534e-08,
    5.560058369269427e-08,
    4.095284822369649e-08,
    4.166242817404964e-08,
    4.20932444455957e-08,
    5.187529694694604e-08,
    0.0007207950693555176,
    0.0001052881489158608,
    5.8405170420883223e-05,
    3.7033725675428286e-05,
    2.4300130462506786e-05,
    1.6157309801201336e-05,
    1.078470995707903e-05,
    7.211446700239321e-06,
    4.8191832320299e-06,
    3.212988985978882e-06,
    2.135828708560439e-06,
    1.412313963555789e-06,
    9.33501098643319e-07,
    6.073234430914454e-07,
    3.9510882743343245e-07,
    2.508615182250651e-07,
    1.570197127875872e-07,
    9.536235978657714e-08,
    5.8717663620200256e-08,
    4.589455926407027e-08,
    4.201721637286937e-08,
    4.1586400101323306e-08,
    3.824124306106569e-08,
    5.8717663620200256e-08,
    3.91282171108287e-08,
    9.579316895269585e-09,
    7.349211461615823e-09,
    7.602632479120075e-08,
    9.14343303293208e-08,
    1.3000501120075114e-08,
    5.975669381541593e-08,
    1.203750166212103e-08,
    4.665482222776518e-08,
    4.376582296572451e-08,
    0.002450842410326004,
    7.201443804660812e-05,
    3.301743709016591e-05,
    1.9555160179152153e-05,
    1.2180369594716467e-05,
    7.735605322523043e-06,
    4.955154963681707e-06,
    3.186400363119901e-06,
    2.0543775463011116e-06,
    1.3259220850159181e-06,
    8.557767614547629e-07,
    5.506330467142106e-07,
    3.547133928805124e-07,
    2.2818034040028579e-07,
    1.4561575767402246e-07,
    9.242267395848103e-08,
    6.249364048471762e-08,
    4.7415085191460093e-08,
    4.465279701548752e-08,
    4.7161666572037575e-08,
    5.068421771170506e-08,
    5.083627030444404e-08,
    4.455142743609031e-08,
    8.545359264644503e-08,
    1.2823107020665248e-08,
    7.374553945282969e-08,
    6.925998263795918e-08,
    9.310691240216329e-08,
    1.9006581197800188e-08,
    4.515963780704624e-08,
    6.839835009486706e-08,
    8.687275254715132e-08,
    4.156105859465242e-08,
    7.427772175105929e-08,
    5.6031399964240336e-08
  ],