{
  "summary": {
    "operation": "add",
    "p": 97,
    "train_frac": 0.5,
    "max_train_samples": null,
    "input_format": "a_op_b_eq",
    "weight_decay": 5.0,
    "lr": 0.001,
    "d_model": 128,
    "num_layers": 2,
    "memo_epoch": 350,
    "grok_epoch": 350,
    "grok_gap": 0,
    "elapsed_sec": 2083.6
  },
  "log_epochs": [
    50,
    100,
    150,
    200,
    250,
    300,
    350,
    400,
    450,
    500,
    550,
    600,
    650,
    700,
    750,
    800,
    850,
    900,
    950,
    1000,
    1050,
    1100,
    1150,
    1200,
    1250,
    1300,
    1350,
    1400,
    1450,
    1500,
    1550,
    1600,
    1650,
    1700,
    1750,
    1800,
    1850,
    1900,
    1950,
    2000,
    2050,
    2100,
    2150,
    2200,
    2250,
    2300,
    2350,
    2400,
    2450,
    2500,
    2550,
    2600,
    2650,
    2700,
    2750,
    2800,
    2850,
    2900,
    2950,
    3000,
    3050,
    3100,
    3150,
    3200,
    3250,
    3300,
    3350,
    3400,
    3450,
    3500,
    3550,
    3600,
    3650,
    3700,
    3750,
    3800,
    3850,
    3900,
    3950,
    4000,
    4050,
    4100,
    4150,
    4200,
    4250,
    4300,
    4350,
    4400,
    4450,
    4500,
    4550,
    4600,
    4650,
    4700,
    4750,
    4800,
    4850,
    4900,
    4950,
    5000
  ],
  "train_accs": [
    0.29634353518486023,
    0.6590136289596558,
    0.8042091727256775,
    0.867772102355957,
    0.9198554158210754,
    0.9893707633018494,
    1.0,
    1.0,
    1.0,
    1.0,
    1.0,
    1.0,
    0.9987244606018066,
    0.9812925457954407,
    0.9995748400688171,
    0.8686224222183228,
    0.608418345451355,
    0.8065476417541504,
    0.831632673740387,
    0.7667942047119141,
    0.9090136289596558,
    0.8832908272743225,
    0.9944728016853333,
    0.9866071343421936,
    0.9829931855201721,
    0.9946853518486023,
    0.9997873902320862,
    0.9970238208770752,
    0.9989370703697205,
    0.9995748400688171,
    0.9991496801376343,
    0.9995748400688171,
    0.9995748400688171,
    0.9980867505073547,
    0.9993622303009033,
    0.9997873902320862,
    0.9989370703697205,
    1.0,
    1.0,
    1.0,
    1.0,
    1.0,
    1.0,
    1.0,
    1.0,
    1.0,
    0.9993622303009033,
    1.0,
    1.0,
    1.0,
    0.9917091727256775,
    1.0,
    1.0,
    1.0,
    1.0,
    1.0,
    1.0,
    1.0,
    1.0,
    1.0,
    1.0,
    1.0,
    1.0,
    1.0,
    1.0,
    1.0,
    1.0,
    1.0,
    1.0,
    1.0,
    1.0,
    1.0,
    1.0,
    1.0,
    1.0,
    1.0,
    1.0,
    1.0,
    1.0,
    1.0,
    1.0,
    1.0,
    1.0,
    1.0,
    1.0,
    1.0,
    1.0,
    1.0,
    1.0,
    1.0,
    1.0,
    1.0,
    1.0,
    1.0,
    1.0,
    1.0,
    1.0,
    1.0,
    1.0,
    1.0
  ],
  "val_accs": [
    0.019553666934370995,
    0.17704570293426514,
    0.30945801734924316,
    0.37874600291252136,
    0.4784272015094757,
    0.818278431892395,
    0.9959617257118225,
    0.9993624091148376,
    1.0,
    1.0,
    1.0,
    1.0,
    0.9959617257118225,
    0.9634431600570679,
    0.9982996582984924,
    0.8320935368537903,
    0.5566418766975403,
    0.7611051797866821,
    0.7628055214881897,
    0.6824654340744019,
    0.8548352718353271,
    0.8401700258255005,
    0.9855473041534424,
    0.9806588888168335,
    0.9734325408935547,
    0.9861848950386047,
    0.9985122084617615,
    0.9959617257118225,
    0.9980871677398682,
    0.9985122084617615,
    0.997449517250061,
    0.9989373087882996,
    0.9985122084617615,
    0.9978746175765991,
    0.9989373087882996,
    0.999787449836731,
    0.9982996582984924,
    1.0,
    1.0,
    1.0,
    1.0,
    1.0,
    1.0,
    1.0,
    1.0,
    1.0,
    0.9991498589515686,
    1.0,
    1.0,
    1.0,
    0.9895855188369751,
    1.0,
    1.0,
    1.0,
    1.0,
    1.0,
    1.0,
    1.0,
    1.0,
    1.0,
    0.999787449836731,
    1.0,
    1.0,
    1.0,
    1.0,
    1.0,
    1.0,
    1.0,
    1.0,
    1.0,
    1.0,
    1.0,
    1.0,
    1.0,
    1.0,
    1.0,
    1.0,
    1.0,
    1.0,
    1.0,
    1.0,
    1.0,
    1.0,
    1.0,
    1.0,
    1.0,
    1.0,
    1.0,
    1.0,
    1.0,
    0.999787449836731,
    1.0,
    1.0,
    1.0,
    1.0,
    1.0,
    1.0,
    1.0,
    1.0,
    1.0
  ],
  "train_losses": [
    3.652392625808716,
    2.245534896850586,
    1.7307101488113403,
    1.6014384031295776,
    1.5327062606811523,
    1.3062278032302856,
    1.1330761909484863,
    1.1534253358840942,
    1.1333632469177246,
    1.076206088066101,
    1.2199050188064575,
    1.3329546451568604,
    1.4526997804641724,
    1.8635581731796265,
    1.734598159790039,
    2.2699689865112305,
    2.597412347793579,
    2.4104840755462646,
    2.5097920894622803,
    2.4914164543151855,
    2.319131851196289,
    2.26544451713562,
    1.9725266695022583,
    1.9219603538513184,
    1.9937578439712524,
    1.8074696063995361,
    1.5640323162078857,
    1.7478886842727661,
    1.6295899152755737,
    1.535722017288208,
    1.4941236972808838,
    1.49655020236969,
    1.4238237142562866,
    1.4362074136734009,
    1.3805984258651733,
    1.348165512084961,
    1.4552021026611328,
    1.3427273035049438,
    1.332517147064209,
    1.2401454448699951,
    1.233701467514038,
    1.2463866472244263,
    1.1741936206817627,
    1.1859959363937378,
    1.214410424232483,
    1.1709721088409424,
    1.393895149230957,
    1.1360702514648438,
    1.1543875932693481,
    1.1286263465881348,
    1.4369750022888184,
    1.1228768825531006,
    1.1523648500442505,
    1.1216398477554321,
    1.1108280420303345,
    1.117341160774231,
    1.1594313383102417,
    1.1640691757202148,
    1.0523033142089844,
    1.0592823028564453,
    1.2206776142120361,
    1.04618239402771,
    1.141843557357788,
    1.0536094903945923,
    1.0392096042633057,
    1.05457603931427,
    1.065377116203308,
    1.0429054498672485,
    1.0601500272750854,
    1.0212188959121704,
    1.0557159185409546,
    1.198950171470642,
    1.018612027168274,
    1.0383026599884033,
    1.0817739963531494,
    0.9996501803398132,
    0.985313892364502,
    1.0044282674789429,
    1.0208450555801392,
    1.0349334478378296,
    0.9903911352157593,
    0.9814303517341614,
    0.9823353290557861,
    0.9887842535972595,
    0.981600284576416,
    1.2073153257369995,
    1.0526134967803955,
    1.050864338874817,
    1.1123430728912354,
    1.0744788646697998,
    1.2616816759109497,
    1.0317085981369019,
    0.9701663851737976,
    0.9596732258796692,
    0.9657390117645264,
    0.9816964864730835,
    1.0020800828933716,
    0.9580658078193665,
    0.9529085755348206,
    1.007719874382019
  ],