{
  "summary": {
    "operation": "sub",
    "p": 97,
    "train_frac": 0.5,
    "max_train_samples": null,
    "input_format": "a_op_b_eq",
    "weight_decay": 2.0,
    "lr": 0.001,
    "d_model": 128,
    "num_layers": 2,
    "memo_epoch": null,
    "grok_epoch": null,
    "grok_gap": null,
    "elapsed_sec": 1915.5
  },
  "log_epochs": [
    50,
    100,
    150,
    200,
    250,
    300,
    350,
    400,
    450,
    500,
    550,
    600,
    650,
    700,
    750,
    800,
    850,
    900,
    950,
    1000,
    1050,
    1100,
    1150,
    1200,
    1250,
    1300,
    1350,
    1400,
    1450,
    1500,
    1550,
    1600,
    1650,
    1700,
    1750,
    1800,
    1850,
    1900,
    1950,
    2000,
    2050,
    2100,
    2150,
    2200,
    2250,
    2300,
    2350,
    2400,
    2450,
    2500,
    2550,
    2600,
    2650,
    2700,
    2750,
    2800,
    2850,
    2900,
    2950,
    3000,
    3050,
    3100,
    3150,
    3200,
    3250,
    3300,
    3350,
    3400,
    3450,
    3500,
    3550,
    3600,
    3650,
    3700,
    3750,
    3800,
    3850,
    3900,
    3950,
    4000,
    4050,
    4100,
    4150,
    4200,
    4250,
    4300,
    4350,
    4400,
    4450,
    4500,
    4550,
    4600,
    4650,
    4700,
    4750,
    4800,
    4850,
    4900,
    4950,
    5000
  ],
  "train_accs": [
    0.21875,
    0.6624149680137634,
    0.7544642686843872,
    0.754676878452301,
    0.7366071343421936,
    0.754676878452301,
    0.754676878452301,
    0.754676878452301,
    0.754676878452301,
    0.754676878452301,
    0.754676878452301,
    0.754676878452301,
    0.754676878452301,
    0.754676878452301,
    0.754676878452301,
    0.754676878452301,
    0.7525510191917419,
    0.754676878452301,
    0.7534013390541077,
    0.5622873902320862,
    0.7417091727256775,
    0.754676878452301,
    0.754676878452301,
    0.754676878452301,
    0.7517006993293762,
    0.7510629296302795,
    0.7540391087532043,
    0.754676878452301,
    0.754676878452301,
    0.7268282175064087,
    0.754676878452301,
    0.754676878452301,
    0.7544642686843872,
    0.6694302558898926,
    0.7534013390541077,
    0.754676878452301,
    0.7459608912467957,
    0.7525510191917419,
    0.754676878452301,
    0.754676878452301,
    0.754676878452301,
    0.730867326259613,
    0.7542517185211182,
    0.754676878452301,
    0.754676878452301,
    0.754676878452301,
    0.668154776096344,
    0.7478741407394409,
    0.7544642686843872,
    0.754676878452301,
    0.754676878452301,
    0.754676878452301,
    0.709396243095398,
    0.5019132494926453,
    0.6779336929321289,
    0.7283163070678711,
    0.7321428656578064,
    0.7300170063972473,
    0.6794217824935913,
    0.6666666865348816,
    0.7319302558898926,
    0.7542517185211182,
    0.754676878452301,
    0.754676878452301,
    0.754676878452301,
    0.754676878452301,
    0.7544642686843872,
    0.7544642686843872,
    0.7519132494926453,
    0.7385203838348389,
    0.5603741407394409,
    0.6930271983146667,
    0.7519132494926453,
    0.754676878452301,
    0.754676878452301,
    0.754676878452301,
    0.754676878452301,
    0.754676878452301,
    0.754676878452301,
    0.7542517185211182,
    0.7523384094238281,
    0.7251275777816772,
    0.754676878452301,
    0.36500850319862366,
    0.754676878452301,
    0.754676878452301,
    0.754676878452301,
    0.754676878452301,
    0.75,
    0.7387329936027527,
    0.5361394286155701,
    0.754676878452301,
    0.754676878452301,
    0.754676878452301,
    0.7540391087532043,
    0.7423469424247742,
    0.6945152878761292,
    0.754676878452301,
    0.754676878452301,
    0.754676878452301
  ],
  "val_accs": [
    0.0017003187676891685,
    0.0046758768148720264,
    0.005313496105372906,
    0.004888416733592749,
    0.005526036024093628,
    0.004888416733592749,
    0.004250796977430582,
    0.0046758768148720264,
    0.0046758768148720264,
    0.005526036024093628,
    0.005100956652313471,
    0.006376195698976517,
    0.007226354908198118,
    0.006801275070756674,
    0.006588735617697239,
    0.007651434745639563,
    0.007226354908198118,
    0.00743889482691884,
    0.009564293548464775,
    0.009351753629744053,
    0.00743889482691884,
    0.00807651411741972,
    0.008926673792302608,
    0.008501593954861164,
    0.008289054036140442,
    0.010201913304626942,
    0.009776833467185497,
    0.009776833467185497,
    0.00998937338590622,
    0.011689691804349422,
    0.00998937338590622,
    0.010839532129466534,
    0.012539851479232311,
    0.010201913304626942,
    0.012752391397953033,
    0.015302869491279125,
    0.014240169897675514,
    0.012114771641790867,
    0.017853347584605217,
    0.021041445434093475,
    0.021253984421491623,
    0.015302869491279125,
    0.0229543037712574,
    0.021679064258933067,
    0.027842720970511436,
    0.027417641133069992,
    0.02146652527153492,
    0.026992561295628548,
    0.03358129784464836,
    0.03613177314400673,
    0.03783209249377251,
    0.03889479115605354,
    0.029330499470233917,
    0.031880978494882584,
    0.03655685484409332,
    0.0418703518807888,
    0.04569606855511665,
    0.05228480324149132,
    0.04845908656716347,
    0.04569606855511665,
    0.059298619627952576,
    0.07715196907520294,
    0.08862911909818649,
    0.09394261240959167,
    0.10371945053339005,
    0.11030818521976471,
    0.11562167853116989,
    0.11859723925590515,
    0.10860786586999893,
    0.10605738312005997,
    0.06588735431432724,
    0.07778958231210709,
    0.11307120323181152,
    0.14792773127555847,
    0.1530286967754364,
    0.15876726806163788,
    0.1679064780473709,
    0.17045696079730988,
    0.17619553208351135,
    0.17725823819637299,
    0.17577046155929565,
    0.1498405933380127,
    0.1868225336074829,
    0.05802337825298309,
    0.19234856963157654,
    0.1944739669561386,
    0.20063762366771698,
    0.19957491755485535,
    0.1944739669561386,
    0.17810839414596558,
    0.07863974571228027,
    0.20531348884105682,
    0.2065887302160263,
    0.21083953976631165,
    0.2114771455526352,
    0.19383634626865387,
    0.12412327527999878,
    0.21700318157672882,
    0.21976619958877563,
    0.22040382027626038
  ],