{
  "summary": {
    "operation": "add_or_mul",
    "p": 97,
    "train_frac": 0.5,
    "max_train_samples": null,
    "input_format": "a_op_b_eq",
    "weight_decay": 1.0,
    "lr": 0.001,
    "d_model": 128,
    "num_layers": 2,
    "memo_epoch": null,
    "grok_epoch": null,
    "grok_gap": null,
    "elapsed_sec": 21.0
  },
  "log_epochs": [
    50,
    100,
    150,
    200,
    250,
    300,
    350,
    400,
    450,
    500,
    550,
    600,
    650,
    700,
    750,
    800,
    850,
    900,
    950,
    1000
  ],
  "train_accs": [
    0.3131377398967743,
    0.8282312750816345,
    0.8707482814788818,
    0.8739370703697205,
    0.8739370703697205,
    0.8739370703697205,
    0.8739370703697205,
    0.8739370703697205,
    0.8739370703697205,
    0.8739370703697205,
    0.8739370703697205,
    0.8739370703697205,
    0.8739370703697205,
    0.8739370703697205,
    0.8739370703697205,
    0.8739370703697205,
    0.8626700639724731,
    0.8739370703697205,
    0.8556547164916992,
    0.8739370703697205
  ],
  "val_accs": [
    0.047183845192193985,
    0.23974494636058807,
    0.2631243169307709,
    0.2597236931324005,
    0.2601487636566162,
    0.2605738639831543,
    0.25951114296913147,
    0.25951114296913147,
    0.25951114296913147,
    0.2592986226081848,
    0.25993624329566956,
    0.2597236931324005,
    0.25993624329566956,
    0.25993624329566956,
    0.2597236931324005,
    0.25993624329566956,
    0.25313496589660645,
    0.25951114296913147,
    0.2497343122959137,
    0.25993624329566956
  ],
  "train_odd_accs": [
    0.3001266419887543,
    0.8345293402671814,
    0.8497256636619568,
    0.8678767681121826,
    0.8691431283950806,
    0.8877163529396057,
    0.8771633505821228,
    0.859012246131897,
    0.8682988882064819,
    0.8910933136940002,
    0.873786449432373,
    0.8708316087722778,
    0.875052809715271,
    0.8682988882064819,
    0.8712537288665771,
    0.8623892068862915,
    0.8666104078292847,
    0.8771633505821228,
    0.8666104078292847,
    0.8699873685836792
  ],
  "train_even_accs": [
    0.3263383209705353,
    0.8218415379524231,
    0.8920770883560181,
    0.8800856471061707,
    0.8788008093833923,
    0.8599571585655212,
    0.8706637620925903,
    0.889079213142395,
    0.8796573877334595,
    0.856531023979187,
    0.8740898966789246,
    0.8770877718925476,
    0.872805118560791,
    0.8796573877334595,
    0.8766595125198364,
    0.8856530785560608,
    0.8586723804473877,
    0.8706637620925903,
    0.8445395827293396,
    0.87794429063797
  ],
  "val_odd_accs": [
    0.031045038253068924,
    0.2374289482831955,
    0.2592916488647461,
    0.25885438919067383,
    0.25972890853881836,
    0.25972890853881836,
    0.2575426399707794,
    0.2575426399707794,
    0.2579798996448517,
    0.25841715931892395,
    0.25841715931892395,
    0.25841715931892395,
    0.25885438919067383,
    0.2592916488647461,
    0.25841715931892395,
    0.25841715931892395,
    0.2527328431606293,
    0.25841715931892395,
    0.24661128222942352,
    0.2592916488647461
  ],
  "val_even_accs": [
    0.062448304146528244,
    0.24193549156188965,
    0.26674938201904297,
    0.26054590940475464,
    0.26054590940475464,
    0.26137304306030273,
    0.26137304306030273,
    0.26137304306030273,
    0.2609594762325287,
    0.2601323425769806,
    0.26137304306030273,
    0.2609594762325287,
    0.2609594762325287,
    0.26054590940475464,
    0.2609594762325287,
    0.26137304306030273,
    0.2535153031349182,
    0.26054590940475464,
    0.2526881694793701,
    0.26054590940475464
  ],
  "train_losses": [
    3.2896194458007812,
    1.0224744081497192,
    0.32248878479003906,
    0.23330961167812347,
    0.21652214229106903,
    0.21082554757595062,
    0.20615226030349731,
    0.20840495824813843,
    0.20916087925434113,
    0.1995871216058731,
    0.20299449563026428,
    0.21232619881629944,
    0.20619913935661316,
    0.20710182189941406,
    0.21027110517024994,
    0.2091166377067566,
    0.4406657814979553,
    0.20729419589042664,
    0.5209887623786926,
    0.21866604685783386
  ],
  "val_losses": [
    4.9980082511901855,
    5.108078479766846,
    5.735910892486572,
    6.076689720153809,
    6.234561920166016,
    6.373292446136475,
    6.486594200134277,
    6.581592082977295,
    6.669673442840576,
    6.738869667053223,
    6.791167736053467,
    6.825306415557861,
    6.8475260734558105,
    6.852100849151611,
    6.888949394226074,
    6.873229503631592,
    6.503391742706299,
    6.770002841949463,
    6.25260591506958,
    6.538784027099609
  ]
}