{
  "summary": {
    "operation": "add_or_add2",
    "p": 97,
    "train_frac": 0.5,
    "max_train_samples": null,
    "input_format": "a_op_b_eq",
    "weight_decay": 1.0,
    "lr": 0.001,
    "d_model": 128,
    "num_layers": 2,
    "memo_epoch": null,
    "grok_epoch": null,
    "grok_gap": null,
    "elapsed_sec": 19.1
  },
  "log_epochs": [
    50,
    100,
    150,
    200,
    250,
    300,
    350,
    400,
    450,
    500,
    550,
    600,
    650,
    700,
    750,
    800,
    850,
    900,
    950,
    1000
  ],
  "train_accs": [
    0.27997449040412903,
    0.7942176461219788,
    0.817176878452301,
    0.817176878452301,
    0.817176878452301,
    0.817176878452301,
    0.817176878452301,
    0.817176878452301,
    0.817176878452301,
    0.817176878452301,
    0.817176878452301,
    0.817176878452301,
    0.817176878452301,
    0.817176878452301,
    0.817176878452301,
    0.817176878452301,
    0.817176878452301,
    0.817176878452301,
    0.817176878452301,
    0.817176878452301
  ],
  "val_accs": [
    0.025504780933260918,
    0.13113708794116974,
    0.13560041785240173,
    0.134962797164917,
    0.13581296801567078,
    0.1345377266407013,
    0.13645057380199432,
    0.13517534732818604,
    0.134962797164917,
    0.1345377266407013,
    0.13538788259029388,
    0.134962797164917,
    0.13538788259029388,
    0.13517534732818604,
    0.13517534732818604,
    0.13645057380199432,
    0.13687565922737122,
    0.13687565922737122,
    0.13623803853988647,
    0.1373007446527481
  ],
  "train_odd_accs": [
    0.31996622681617737,
    0.8543689250946045,
    0.8742085695266724,
    0.8906711935997009,
    0.8796960711479187,
    0.8712537288665771,
    0.8923596739768982,
    0.8877163529396057,
    0.873786449432373,
    0.8712537288665771,
    0.8708316087722778,
    0.8919375538825989,
    0.8716758489608765,
    0.875052809715271,
    0.8826509118080139,
    0.8830730319023132,
    0.8940481543540955,
    0.8691431283950806,
    0.8581680059432983,
    0.8594343662261963
  ],
  "train_even_accs": [
    0.23940041661262512,
    0.7331905364990234,
    0.759314775466919,
    0.7426124215126038,
    0.753747284412384,
    0.7623125910758972,
    0.7408993244171143,
    0.745610237121582,
    0.7597430348396301,
    0.7623125910758972,
    0.7627408504486084,
    0.7413275837898254,
    0.761884331703186,
    0.7584581971168518,
    0.7507494688034058,
    0.7503212094306946,
    0.7391862869262695,
    0.7644539475440979,
    0.775588870048523,
    0.7743040323257446
  ],
  "val_odd_accs": [
    0.04853520169854164,
    0.2553563714027405,
    0.26278969645500183,
    0.2619151771068573,
    0.263664186000824,
    0.26235243678092957,
    0.26497596502304077,
    0.2632269561290741,
    0.2632269561290741,
    0.2619151771068573,
    0.263664186000824,
    0.263664186000824,
    0.26497596502304077,
    0.26235243678092957,
    0.2645387053489685,
    0.26497596502304077,
    0.2658504545688629,
    0.2645387053489685,
    0.26410144567489624,
    0.2658504545688629
  ],
  "val_even_accs": [
    0.003722084453329444,
    0.01364764291793108,
    0.015301902778446674,
    0.014888337813317776,
    0.014888337813317776,
    0.01364764291793108,
    0.014888337813317776,
    0.014061207883059978,
    0.01364764291793108,
    0.014061207883059978,
    0.014061207883059978,
    0.013234077952802181,
    0.012820512987673283,
    0.014888337813317776,
    0.012820512987673283,
    0.014888337813317776,
    0.014888337813317776,
    0.016129031777381897,
    0.015301902778446674,
    0.015715466812253
  ],
  "train_losses": [
    3.314277410507202,
    0.9953130483627319,
    0.3782857358455658,
    0.3191286325454712,
    0.30216965079307556,
    0.29866519570350647,
    0.2936519682407379,
    0.2913063168525696,
    0.2858593761920929,
    0.2846289277076721,
    0.28878891468048096,
    0.2976767122745514,
    0.28662633895874023,
    0.2983971834182739,
    0.29382020235061646,
    0.3042219281196594,
    0.3084257245063782,
    0.30495762825012207,
    0.31794047355651855,
    0.29702892899513245
  ],
  "val_losses": [
    5.078871250152588,
    5.307838439941406,
    6.175209999084473,
    6.554268836975098,
    6.737565517425537,
    6.873054504394531,
    6.980651378631592,
    7.056045055389404,
    7.12239408493042,
    7.138970375061035,
    7.148852825164795,
    7.136300086975098,
    7.162945747375488,
    7.129879951477051,
    7.116971015930176,
    7.091582298278809,
    7.073647499084473,
    7.050571918487549,
    7.00901985168457,
    7.005736827850342
  ]
}